"","name","degree","betweenness","Abundance","module","z","p","taxa_roles","Kingdom","Phylum","Class","Order","Family","Genus","Species"
"OTU_50","OTU_50",2,0,0.230142752562225,"M2",-1.30519876734311,0,"Peripheral nodes","k__Bacteria","p__Proteobacteria","c__Betaproteobacteria","o__Burkholderiales","f__Comamonadaceae","g__","s__"
"OTU_305","OTU_305",3,4,0.139397266959492,"M8",1.11803398874989,0,"Peripheral nodes","k__Bacteria","p__Proteobacteria","c__Deltaproteobacteria","o__Syntrophobacterales","f__Syntrophaceae","g__Syntrophus","s__"
"OTU_1","OTU_1",21,2,1.40891898487067,"M2",-0.0406719162628165,0,"Peripheral nodes","k__Bacteria","p__Firmicutes","c__Clostridia","o__Clostridiales","f__Clostridiaceae 1","g__Clostridium sensu stricto 13","s__"
"OTU_41","OTU_41",1,0,0.160291605661298,"M14",-0.577350269189626,0,"Peripheral nodes","k__Bacteria","p__Actinobacteria","c__Actinobacteria","o__PeM15","f__","g__","s__"
"OTU_59","OTU_59",3,2306,0.558809175207418,"M6",0.77709281262705,0,"Peripheral nodes","k__Bacteria","p__Bacteroidetes","c__Bacteroidia","o__Bacteroidia Incertae Sedis","f__Draconibacteriaceae","g__","s__"
"OTU_2733","OTU_2733",1,0,0.0651232308443143,"M17",NA,NA,NA,"k__Bacteria","p__Acidobacteria","c__Acidobacteria","o__Subgroup 4","f__RB41","g__","s__"
"OTU_4050","OTU_4050",2,4,0.0195217179111762,"M4",-0.295393520039156,0.444444444444444,"Peripheral nodes","k__Bacteria","p__Acidobacteria","c__Acidobacteria","o__Subgroup 15","f__","g__","s__"
"OTU_4147","OTU_4147",23,2412,0.061920448999512,"M3",3.35621690573339,0.444444444444444,"Module hubs","k__Bacteria","p__Proteobacteria","c__Gammaproteobacteria","o__Cellvibrionales","f__Halieaceae","g__Halioglobus","s__"
"OTU_12367","OTU_12367",2,1,0.0271473889702294,"M12",1.15470053837925,0.444444444444444,"Peripheral nodes","k__Bacteria","p__Actinobacteria","c__Actinobacteria","o__Micrococcales","f__Microbacteriaceae","g__","s__"
"OTU_1646","OTU_1646",5,62,0.0417886774036115,"M1",-0.65923609588673,0.225694444444444,"Peripheral nodes","k__Bacteria","p__Proteobacteria","c__Gammaproteobacteria","o__Order Incertae Sedis","f__Family Incertae Sedis","g__Marinicella","s__"
"OTU_55","OTU_55",3,0,0.235633235724744,"M2",-1.23864472254941,0,"Peripheral nodes","k__Bacteria","p__Acidobacteria","c__Acidobacteria","o__Subgroup 4","f__RB41","g__","s__"
"OTU_84","OTU_84",1,0,0.383723767691557,"M14",-0.577350269189626,0.37037037037037,"Peripheral nodes","k__Bacteria","p__Actinobacteria","c__Acidimicrobiia","o__Acidimicrobiales","f__Acidimicrobiaceae","g__Illumatobacter","s__"
"OTU_3303","OTU_3303",3,6,0.0896778916544656,"M8",1.11803398874989,0,"Peripheral nodes","k__Bacteria","p__Bacteroidetes","c__Bacteroidetes vadinHA17","o__","f__","g__","s__"
"OTU_16","OTU_16",3,7,0.517630551488531,"M7",1.11803398874989,0,"Peripheral nodes","k__Bacteria","p__Chloroflexi","c__KD4-96","o__","f__","g__","s__"
"OTU_12","OTU_12",2,4,0.968917764763299,"M8",0,0,"Peripheral nodes","k__Bacteria","p__Bacteroidetes","c__Bacteroidetes vadinHA17","o__","f__","g__","s__"
"OTU_117","OTU_117",3,667,0.162426793557833,"M14",1.15470053837925,0,"Peripheral nodes","k__Bacteria","p__Chlorobi","c__Ignavibacteria","o__Ignavibacteriales","f__PHOS-HE36","g__","s__"
"OTU_25","OTU_25",3,6,0.44869448511469,"M7",1.11803398874989,0.2265625,"Peripheral nodes","k__Bacteria","p__Chloroflexi","c__KD4-96","o__","f__","g__","s__"
"OTU_13824","OTU_13824",18,8,0.284742557345046,"M2",-0.240334050643916,0,"Peripheral nodes","k__Bacteria","p__Firmicutes","c__Clostridia","o__Clostridiales","f__Clostridiaceae 1","g__Clostridium sensu stricto 13","s__"
"OTU_102","OTU_102",2,0,0.346205466081015,"M7",0,0,"Peripheral nodes","k__Bacteria","p__Proteobacteria","c__Betaproteobacteria","o__Nitrosomonadales","f__Nitrosomonadaceae","g__","s__"
"OTU_78","OTU_78",2,334,0.105844314299658,"M6",-0.111013258946721,0,"Peripheral nodes","k__Bacteria","p__Verrucomicrobia","c__Verrucomicrobiae","o__Verrucomicrobiales","f__Verrucomicrobiaceae","g__","s__"
"OTU_79","OTU_79",1,0,0.192471937530503,"M7",-1.11803398874989,0,"Peripheral nodes","k__Bacteria","p__Chloroflexi","c__KD4-96","o__","f__","g__","s__"
"OTU_151","OTU_151",1,0,0.0481942410932162,"M2",-1.37175281213681,0.444444444444444,"Peripheral nodes","k__Bacteria","p__Verrucomicrobia","c__Verrucomicrobiae","o__Verrucomicrobiales","f__Verrucomicrobiaceae","g__","s__"
"OTU_2562","OTU_2562",1,0,0.0138787213274768,"M4",-0.704399932401065,0,"Peripheral nodes","k__Bacteria","p__Actinobacteria","c__Thermoleophilia","o__Gaiellales","f__","g__","s__"
"OTU_109","OTU_109",9,273,0.178898243045388,"M3",0.769420309531319,0,"Peripheral nodes","k__Bacteria","p__Proteobacteria","c__Alphaproteobacteria","o__Rhizobiales","f__Rhodobiaceae","g__Anderseniella","s__"
"OTU_4731","OTU_4731",41,2782,0.0628355295265983,"M2",1.29040897961118,0,"Peripheral nodes","k__Bacteria","p__Firmicutes","c__Bacilli","o__Bacillales","f__Bacillaceae","g__Bacillus","s__"
"OTU_220","OTU_220",5,6,0.43146046852123,"M3",0.0303355677592993,0,"Peripheral nodes","k__Bacteria","p__Proteobacteria","c__Gammaproteobacteria","o__Order Incertae Sedis","f__Family Incertae Sedis","g__Marinicella","s__"
"OTU_2835","OTU_2835",1,0,0.0173865300146413,"M1",-1.02933355322665,0,"Peripheral nodes","k__Bacteria","p__Proteobacteria","c__Deltaproteobacteria","o__Sva0485","f__","g__","s__"
"OTU_11","OTU_11",1,0,0.442746461688629,"M3",-0.70874917401272,0,"Peripheral nodes","k__Bacteria","p__Proteobacteria","c__Epsilonproteobacteria","o__Campylobacterales","f__Helicobacteraceae","g__Sulfurovum","s__"
"OTU_390","OTU_390",29,178,0.180423377257199,"M2",0.491760442086782,0,"Peripheral nodes","k__Bacteria","p__Bacteroidetes","c__Flavobacteriia","o__Flavobacteriales","f__Flavobacteriaceae","g__Flavobacterium","s__"
"OTU_2725","OTU_2725",1,0,0.0617679355783309,"M17",NA,NA,NA,"k__Bacteria","p__Verrucomicrobia","c__Spartobacteria","o__Chthoniobacterales","f__DA101 soil group","g__","s__"
"OTU_254","OTU_254",1,0,0.220991947291362,"M10",-0.577350269189626,0,"Peripheral nodes","k__Bacteria","p__Acidobacteria","c__Acidobacteria","o__Subgroup 6","f__","g__","s__"
"OTU_673","OTU_673",1,0,0.0681734992679356,"M9",-0.577350269189626,0,"Peripheral nodes","k__Bacteria","p__Gemmatimonadetes","c__Gemmatimonadetes","o__Gemmatimonadales","f__Gemmatimonadaceae","g__","s__"
"OTU_1349","OTU_1349",1,0,0.105996827720839,"M3",-0.70874917401272,0,"Peripheral nodes","k__Bacteria","p__Proteobacteria","c__Gammaproteobacteria","o__Order Incertae Sedis","f__Family Incertae Sedis","g__Marinicella","s__"
"OTU_67","OTU_67",7,12,0.194607125427038,"M2",-0.972428543374613,0.476370510396975,"Peripheral nodes","k__Bacteria","p__Bacteroidetes","c__Cytophagia","o__Cytophagales","f__Cyclobacteriaceae","g__Algoriphagus","s__"
"OTU_1816","OTU_1816",5,342,0.0298926305514885,"M3",0.0303355677592993,0,"Peripheral nodes","k__Bacteria","p__Proteobacteria","c__Deltaproteobacteria","o__Desulfobacterales","f__Desulfobulbaceae","g__Desulfobulbus","s__"
"OTU_578","OTU_578",1,0,0.170662518301611,"M8",-1.11803398874989,0,"Peripheral nodes","k__Bacteria","p__Bacteroidetes","c__Bacteroidetes vadinHA17","o__","f__","g__","s__"
"OTU_7991","OTU_7991",3,346,0.0158613958028306,"M3",-0.33920680312671,0,"Peripheral nodes","k__Bacteria","p__Acidobacteria","c__Holophagae","o__Subgroup 10","f__ABS-19","g__","s__"
"OTU_82","OTU_82",5,999,0.457082723279649,"M9",1.73205080756888,0,"Peripheral nodes","k__Bacteria","p__Proteobacteria","c__Alphaproteobacteria","o__Sphingomonadales","f__Sphingomonadaceae","g__Sphingomonas","s__"
"OTU_341","OTU_341",2,0,0.0703086871644705,"M1",-0.936809188891669,0,"Peripheral nodes","k__Bacteria","p__Proteobacteria","c__Betaproteobacteria","o__Burkholderiales","f__Burkholderiaceae","g__Limnobacter","s__"
"OTU_13463","OTU_13463",1,0,0.103556612981942,"M2",-1.37175281213681,0,"Peripheral nodes","k__Bacteria","p__Bacteroidetes","c__Flavobacteriia","o__Flavobacteriales","f__Flavobacteriaceae","g__Flavobacterium","s__"
"OTU_952","OTU_952",1,0,0.0355356271351879,"M15",NA,NA,NA,"k__Bacteria","p__Acidobacteria","c__Acidobacteria","o__Subgroup 6","f__","g__","s__"
"OTU_165","OTU_165",2,0,0.128416300634456,"M6",-0.111013258946721,0.375,"Peripheral nodes","k__Bacteria","p__Chloroflexi","c__Anaerolineae","o__Anaerolineales","f__Anaerolineaceae","g__Anaerolinea","s__"
"OTU_357","OTU_357",25,3280,0.314025134211811,"M2",0.225544262911983,0.32,"Peripheral nodes","k__Bacteria","p__Proteobacteria","c__Betaproteobacteria","o__Burkholderiales","f__Comamonadaceae","g__","s__"
"OTU_7417","OTU_7417",15,259,0.030960224499756,"M1",0.266007547463067,0.24,"Peripheral nodes","k__Bacteria","p__Chloroflexi","c__Anaerolineae","o__Anaerolineales","f__Anaerolineaceae","g__","s__"
"OTU_349","OTU_349",1,0,0.0686310395314788,"M6",-0.999119330520493,0,"Peripheral nodes","k__Bacteria","p__Verrucomicrobia","c__Verrucomicrobiae","o__Verrucomicrobiales","f__Verrucomicrobiaceae","g__Luteolibacter","s__"
"OTU_158","OTU_158",1,0,0.0277574426549536,"M12",-0.577350269189626,0,"Peripheral nodes","k__Bacteria","p__Proteobacteria","c__Gammaproteobacteria","o__Xanthomonadales","f__Xanthomonadaceae","g__Arenimonas","s__"
"OTU_5894","OTU_5894",1,0,0.0480417276720351,"M11",-0.577350269189626,0,"Peripheral nodes","k__Bacteria","p__Bacteroidetes","c__Sphingobacteriia","o__Sphingobacteriales","f__WCHB1-69","g__","s__"
"OTU_189","OTU_189",7,0,0.0161664226451928,"M2",-0.972428543374613,0,"Peripheral nodes","k__Bacteria","p__Proteobacteria","c__Betaproteobacteria","o__SC-I-84","f__","g__","s__"
"OTU_2190","OTU_2190",2,0,0.107369448511469,"M7",0,0,"Peripheral nodes","k__Bacteria","p__Chloroflexi","c__KD4-96","o__","f__","g__","s__"
"OTU_71","OTU_71",9,0,0.0147938018545632,"M2",-0.839320453787214,0,"Peripheral nodes","k__Bacteria","p__Chloroflexi","c__Ktedonobacteria","o__JG30-KF-AS9","f__","g__","s__"
"OTU_9","OTU_9",21,1010,0.265525866276232,"M2",-0.0406719162628165,0,"Peripheral nodes","k__Bacteria","p__Actinobacteria","c__Acidimicrobiia","o__Acidimicrobiales","f__Acidimicrobiaceae","g__Illumatobacter","s__"
"OTU_1702","OTU_1702",1,0,0.0186066373840898,"M23",-0.707106781186547,0.308390022675737,"Peripheral nodes","k__Bacteria","p__Bacteroidetes","c__Sphingobacteriia","o__Sphingobacteriales","f__Chitinophagaceae","g__Parasegetibacter","s__"
"OTU_924","OTU_924",2,334,0.0362981942410932,"M13",0.577350269189626,0,"Peripheral nodes","k__Bacteria","p__Actinobacteria","c__Acidimicrobiia","o__Acidimicrobiales","f__Acidimicrobiaceae","g__CL500-29 marine group","s__"
"OTU_5867","OTU_5867",6,173,0.0146412884333821,"M4",1.34063212940848,0.58,"Peripheral nodes","k__Bacteria","p__Acidobacteria","c__Acidobacteria","o__Acidobacteriales","f__Acidobacteriaceae (Subgroup 1)","g__Candidatus Koribacter","s__"
"OTU_853","OTU_853",1,0,0.114080039043436,"M3",-0.70874917401272,0,"Peripheral nodes","k__Bacteria","p__Bacteroidetes","c__Flavobacteriia","o__Flavobacteriales","f__Flavobacteriaceae","g__","s__"
"OTU_1895","OTU_1895",7,31,0.124603465104929,"M3",0.399877938645309,0,"Peripheral nodes","k__Bacteria","p__Bacteroidetes","c__Flavobacteriia","o__Flavobacteriales","f__Flavobacteriaceae","g__Robiginitalea","s__"
"OTU_80","OTU_80",2,0,0.458302830649097,"M9",0,0,"Peripheral nodes","k__Bacteria","p__Proteobacteria","c__Alphaproteobacteria","o__Sphingomonadales","f__Sphingomonadaceae","g__Sphingomonas","s__"
"OTU_1496","OTU_1496",3,98,0.0294350902879453,"M4",0.113612892322752,0,"Peripheral nodes","k__Bacteria","p__Acidobacteria","c__Acidobacteria","o__Acidobacteriales","f__Acidobacteriaceae (Subgroup 1)","g__","s__"
"OTU_354","OTU_354",12,0,0.199030014641288,"M2",-0.639658319406115,0,"Peripheral nodes","k__Bacteria","p__Chloroflexi","c__Anaerolineae","o__Anaerolineales","f__Anaerolineaceae","g__","s__"
"OTU_7502","OTU_7502",16,363,0.0378233284529039,"M1",0.358531911798046,0,"Peripheral nodes","k__Bacteria","p__Actinobacteria","c__Acidimicrobiia","o__Acidimicrobiales","f__OM1 clade","g__","s__"
"OTU_381","OTU_381",8,64,0.195979746217667,"M3",0.584649124088314,0,"Peripheral nodes","k__Bacteria","p__Proteobacteria","c__Gammaproteobacteria","o__Xanthomonadales","f__JTB255 marine benthic group","g__","s__"
"OTU_2564","OTU_2564",1,0,0.0488042947779405,"M8",-1.11803398874989,0,"Peripheral nodes","k__Bacteria","p__Proteobacteria","c__Deltaproteobacteria","o__Syntrophobacterales","f__Syntrophaceae","g__Syntrophus","s__"
"OTU_30","OTU_30",2,0,0.195217179111762,"M8",0,0,"Peripheral nodes","k__Bacteria","p__Bacteroidetes","c__Sphingobacteriia","o__Sphingobacteriales","f__WCHB1-69","g__","s__"
"OTU_212","OTU_212",3,342,0.0849499755978526,"M3",-0.33920680312671,0.152777777777778,"Peripheral nodes","k__Bacteria","p__Bacteroidetes","c__Flavobacteriia","o__Flavobacteriales","f__Flavobacteriaceae","g__Imtechella","s__"
"OTU_1836","OTU_1836",2,0,0.016623962908736,"M3",-0.523977988569715,0.260355029585799,"Peripheral nodes","k__Bacteria","p__Proteobacteria","c__Alphaproteobacteria","o__Sphingomonadales","f__Erythrobacteraceae","g__Altererythrobacter","s__"
"OTU_1283","OTU_1283",2,34,0.0947108345534407,"M4",-0.295393520039156,0,"Peripheral nodes","k__Bacteria","p__Acidobacteria","c__Acidobacteria","o__Acidobacteriales","f__Acidobacteriaceae (Subgroup 1)","g__Candidatus Koribacter","s__"
"OTU_2548","OTU_2548",6,183,0.0146412884333821,"M4",1.34063212940848,0,"Peripheral nodes","k__Bacteria","p__Actinobacteria","c__Thermoleophilia","o__Gaiellales","f__","g__","s__"
"OTU_149","OTU_149",2,1,0.118655441678868,"M10",1.15470053837925,0,"Peripheral nodes","k__Bacteria","p__Acidobacteria","c__Acidobacteria","o__Subgroup 6","f__","g__","s__"
"OTU_3356","OTU_3356",4,2,0.0857125427037579,"M1",-0.75176046022171,0,"Peripheral nodes","k__Bacteria","p__Actinobacteria","c__Thermoleophilia","o__Gaiellales","f__","g__","s__"
"OTU_1623","OTU_1623",1,0,0.0205893118594436,"M4",-0.704399932401065,0,"Peripheral nodes","k__Bacteria","p__Proteobacteria","c__Gammaproteobacteria","o__Xanthomonadales","f__Xanthomonadales Incertae Sedis","g__Acidibacter","s__"
"OTU_1176","OTU_1176",1,0,0.0649707174231332,"M1",-1.02933355322665,0.375,"Peripheral nodes","k__Bacteria","p__Proteobacteria","c__Alphaproteobacteria","o__Rhodobacterales","f__Rhodobacteraceae","g__","s__"
"OTU_103","OTU_103",1,0,0.0323328452903856,"M22",NA,NA,NA,"k__Bacteria","p__Acidobacteria","c__Acidobacteria","o__Acidobacteriales","f__Acidobacteriaceae (Subgroup 1)","g__","s__"
"OTU_196","OTU_196",1,0,0.129941434846266,"M7",-1.11803398874989,0,"Peripheral nodes","k__Bacteria","p__Proteobacteria","c__Betaproteobacteria","o__TRA3-20","f__","g__","s__"
"OTU_739","OTU_739",1,0,0.0268423621278673,"M25",NA,NA,NA,"k__Bacteria","p__Actinobacteria","c__Thermoleophilia","o__Gaiellales","f__","g__","s__"
"OTU_38","OTU_38",1,0,0.286267691556857,"M12",-0.577350269189626,0.5,"Peripheral nodes","k__Bacteria","p__Actinobacteria","c__Actinobacteria","o__Micrococcales","f__Microbacteriaceae","g__Cryobacterium","s__"
"OTU_817","OTU_817",1,0,0.0542947779404588,"M10",-0.577350269189626,0,"Peripheral nodes","k__Bacteria","p__Acidobacteria","c__Acidobacteria","o__Subgroup 6","f__","g__","s__"
"OTU_34","OTU_34",38,246,0.835926061493411,"M2",1.09074684523008,0,"Peripheral nodes","k__Bacteria","p__Firmicutes","c__Bacilli","o__Bacillales","f__Bacillaceae","g__Bacillus","s__"
"OTU_8356","OTU_8356",3,0,0.033400439238653,"M1",-0.84428482455669,0.5,"Peripheral nodes","k__Bacteria","p__Actinobacteria","c__Thermoleophilia","o__Gaiellales","f__","g__","s__"
"OTU_45","OTU_45",2,15,0.20360541727672,"M3",-0.523977988569715,0.5,"Peripheral nodes","k__Bacteria","p__Proteobacteria","c__Deltaproteobacteria","o__43F-1404R","f__","g__","s__"
"OTU_447","OTU_447",9,1679,0.158918984870669,"M2",-0.839320453787214,0.444444444444444,"Peripheral nodes","k__Bacteria","p__Bacteroidetes","c__Sphingobacteriia","o__Sphingobacteriales","f__Chitinophagaceae","g__Ferruginibacter","s__"
"OTU_841","OTU_841",3,28,0.0208943387018058,"M3",-0.33920680312671,0,"Peripheral nodes","k__Bacteria","p__Chloroflexi","c__S085","o__","f__","g__","s__"
"OTU_6413","OTU_6413",1,0,0.0205893118594436,"M3",-0.70874917401272,0,"Peripheral nodes","k__Bacteria","p__Proteobacteria","c__Alphaproteobacteria","o__Rhodobacterales","f__Rhodobacteraceae","g__Yangia","s__"
"OTU_3756","OTU_3756",1,0,0.0341630063445583,"M4",-0.704399932401065,0.197530864197531,"Peripheral nodes","k__Bacteria","p__Actinobacteria","c__Thermoleophilia","o__Gaiellales","f__","g__","s__"
"OTU_340","OTU_340",4,1320,0.095320888238165,"M2",-1.17209067775571,0,"Peripheral nodes","k__Bacteria","p__Proteobacteria","c__Alphaproteobacteria","o__Caulobacterales","f__Caulobacteraceae","g__Brevundimonas","s__"
"OTU_1814","OTU_1814",1,0,0.0269948755490483,"M3",-0.70874917401272,0,"Peripheral nodes","k__Bacteria","p__Actinobacteria","c__Acidimicrobiia","o__Acidimicrobiales","f__OM1 clade","g__","s__"
"OTU_2330","OTU_2330",1,0,0.0344680331869204,"M15",NA,NA,NA,"k__Bacteria","p__Acidobacteria","c__Acidobacteria","o__Subgroup 6","f__","g__","s__"
"OTU_1822","OTU_1822",7,382,0.0230295265983407,"M5",1.38630250137659,0.314049586776859,"Peripheral nodes","k__Bacteria","p__Proteobacteria","c__Deltaproteobacteria","o__Myxococcales","f__Haliangiaceae","g__Haliangium","s__"
"OTU_2005","OTU_2005",1,0,0.0315702781844802,"M4",-0.704399932401065,0,"Peripheral nodes","k__Bacteria","p__Chloroflexi","c__KD4-96","o__","f__","g__","s__"
"OTU_3130","OTU_3130",15,274,0.0568875061005368,"M1",0.266007547463067,0,"Peripheral nodes","k__Bacteria","p__Proteobacteria","c__Deltaproteobacteria","o__Sh765B-TzT-29","f__","g__","s__"
"OTU_854","OTU_854",6,206,0.142752562225476,"M1",-0.566711731551751,0.152777777777778,"Peripheral nodes","k__Bacteria","p__Chloroflexi","c__","o__","f__","g__","s__"
"OTU_4348","OTU_4348",1,0,0.03584065397755,"M3",-0.70874917401272,0,"Peripheral nodes","k__Bacteria","p__Chloroflexi","c__KD4-96","o__","f__","g__","s__"
"OTU_1544","OTU_1544",6,449,0.0164714494875549,"M5",1.02982471530833,0,"Peripheral nodes","k__Bacteria","p__Actinobacteria","c__Acidimicrobiia","o__Acidimicrobiales","f__OM1 clade","g__","s__"
"OTU_3264","OTU_3264",1,0,0.0320278184480234,"M5",-0.752564215033007,0,"Peripheral nodes","k__Bacteria","p__Nitrospirae","c__Nitrospira","o__Nitrospirales","f__Nitrospiraceae","g__","s__"
"OTU_1831","OTU_1831",10,1182,0.0484992679355783,"M3",0.954191494974323,0,"Peripheral nodes","k__Bacteria","p__Acidobacteria","c__Acidobacteria","o__Subgroup 6","f__","g__","s__"
"OTU_1360","OTU_1360",4,47,0.0343155197657394,"M4",0.522619304684661,0,"Peripheral nodes","k__Bacteria","p__Acidobacteria","c__Acidobacteria","o__Subgroup 3","f__","g__Bryobacter","s__"
"OTU_219","OTU_219",3,8,0.25805270863836,"M2",-1.23864472254941,0,"Peripheral nodes","k__Bacteria","p__Proteobacteria","c__Gammaproteobacteria","o__Xanthomonadales","f__Xanthomonadaceae","g__","s__"
"OTU_1297","OTU_1297",1,0,0.0844924353343094,"M4",-0.704399932401065,0,"Peripheral nodes","k__Bacteria","p__Chloroflexi","c__KD4-96","o__","f__","g__","s__"
"OTU_507","OTU_507",1,0,0.0515495363591996,"M1",-1.02933355322665,0,"Peripheral nodes","k__Bacteria","p__Chloroflexi","c__Anaerolineae","o__Anaerolineales","f__Anaerolineaceae","g__","s__"
"OTU_1821","OTU_1821",9,15,0.0521595900439239,"M1",-0.289138638546812,0.197530864197531,"Peripheral nodes","k__Bacteria","p__Acidobacteria","c__Holophagae","o__Subgroup 7","f__","g__","s__"
"OTU_280","OTU_280",3,60,0.0631405563689605,"M4",0.113612892322752,0,"Peripheral nodes","k__Bacteria","p__Acidobacteria","c__Acidobacteria","o__Acidobacteriales","f__Acidobacteriaceae (Subgroup 1)","g__","s__"
"OTU_3651","OTU_3651",9,71,0.0376708150317228,"M2",-0.839320453787214,0,"Peripheral nodes","k__Bacteria","p__Proteobacteria","c__Alphaproteobacteria","o__Caulobacterales","f__Caulobacteraceae","g__Brevundimonas","s__"
"OTU_2690","OTU_2690",1,0,0.0179965836993655,"M4",-0.704399932401065,0,"Peripheral nodes","k__Bacteria","p__Actinobacteria","c__Thermoleophilia","o__Gaiellales","f__","g__","s__"
"OTU_984","OTU_984",1,0,0.0443814055636896,"M4",-0.704399932401065,0,"Peripheral nodes","k__Bacteria","p__Chloroflexi","c__Anaerolineae","o__Anaerolineales","f__Anaerolineaceae","g__","s__"
"OTU_10337","OTU_10337",2,2,0.0230295265983407,"M4",-0.295393520039156,0,"Peripheral nodes","k__Bacteria","p__Chloroflexi","c__Anaerolineae","o__Anaerolineales","f__Anaerolineaceae","g__","s__"
"OTU_1824","OTU_1824",2,0,0.0367557345046364,"M1",-0.936809188891669,0,"Peripheral nodes","k__Bacteria","p__Planctomycetes","c__OM190","o__","f__","g__","s__"
"OTU_3545","OTU_3545",12,297,0.0160139092240117,"M4",3.79467060357993,0,"Module hubs","k__Bacteria","p__Proteobacteria","c__Alphaproteobacteria","o__Rhodospirillales","f__Acetobacteraceae","g__","s__"
"OTU_3970","OTU_3970",1,0,0.0449914592484139,"M25",NA,NA,NA,"k__Bacteria","p__Acidobacteria","c__Acidobacteria","o__Subgroup 4","f__RB41","g__","s__"
"OTU_1859","OTU_1859",2,666,0.05017691556857,"M3",-0.523977988569715,0.120707596253902,"Peripheral nodes","k__Bacteria","p__Bacteroidetes","c__Bacteroidetes BD2-2","o__","f__","g__","s__"
"OTU_2048","OTU_2048",1,0,0.0169289897510981,"M13",-1.15470053837925,0.5,"Peripheral nodes","k__Bacteria","p__Actinobacteria","c__Acidimicrobiia","o__Acidimicrobiales","f__Acidimicrobiaceae","g__CL500-29 marine group","s__"
"OTU_571","OTU_571",3,334,0.02150439238653,"M1",-0.84428482455669,0.53125,"Peripheral nodes","k__Bacteria","p__Gemmatimonadetes","c__Gemmatimonadetes","o__BD2-11 terrestrial group","f__","g__","s__"
"OTU_177","OTU_177",2,334,0.10889458272328,"M16",0.707106781186547,0,"Peripheral nodes","k__Bacteria","p__Chloroflexi","c__Anaerolineae","o__Anaerolineales","f__Anaerolineaceae","g__Anaerolinea","s__"
"OTU_801","OTU_801",2,666,0.0581076134699854,"M13",0.577350269189626,0.0399833402748855,"Peripheral nodes","k__Bacteria","p__Acidobacteria","c__Acidobacteria","o__Subgroup 6","f__","g__","s__"
"OTU_2993","OTU_2993",2,12,0.0539897510980966,"M1",-0.936809188891669,0,"Peripheral nodes","k__Bacteria","p__Bacteroidetes","c__Bacteroidetes BD2-2","o__","f__","g__","s__"
"OTU_7127","OTU_7127",1,0,0.0146412884333821,"M1",-1.02933355322665,0,"Peripheral nodes","k__Bacteria","p__Proteobacteria","c__Deltaproteobacteria","o__Sva0485","f__","g__","s__"
"OTU_425","OTU_425",3,352,0.138329673011225,"M3",-0.33920680312671,0,"Peripheral nodes","k__Bacteria","p__Bacteroidetes","c__Cytophagia","o__Cytophagales","f__Flammeovirgaceae","g__","s__"
"OTU_1368","OTU_1368",3,36,0.0248596876525134,"M4",0.113612892322752,0,"Peripheral nodes","k__Bacteria","p__Acidobacteria","c__Acidobacteria","o__Acidobacteriales","f__Acidobacteriaceae (Subgroup 1)","g__","s__"
"OTU_525","OTU_525",31,389,0.155106149341142,"M2",0.624868531674181,0,"Peripheral nodes","k__Bacteria","p__Proteobacteria","c__Betaproteobacteria","o__Burkholderiales","f__Comamonadaceae","g__","s__"
"OTU_1194","OTU_1194",1,0,0.130856515373353,"M3",-0.70874917401272,0,"Peripheral nodes","k__Bacteria","p__Proteobacteria","c__Epsilonproteobacteria","o__Campylobacterales","f__Helicobacteraceae","g__Sulfurovum","s__"
"OTU_7557","OTU_7557",7,745,0.0431612981942411,"M3",0.399877938645309,0,"Peripheral nodes","k__Bacteria","p__Bacteroidetes","c__Bacteroidetes BD2-2","o__","f__","g__","s__"
"OTU_1207","OTU_1207",3,0,0.0410261102977062,"M1",-0.84428482455669,0,"Peripheral nodes","k__Bacteria","p__Chloroflexi","c__Anaerolineae","o__Anaerolineales","f__Anaerolineaceae","g__","s__"
"OTU_87","OTU_87",14,1352,0.402482918496828,"M2",-0.506550229818715,0,"Peripheral nodes","k__Bacteria","p__Bacteroidetes","c__Flavobacteriia","o__Flavobacteriales","f__Flavobacteriaceae","g__Flavobacterium","s__"
"OTU_4333","OTU_4333",1,0,0.0204367984382626,"M24",NA,NA,NA,"k__Bacteria","p__Gemmatimonadetes","c__Gemmatimonadetes","o__BD2-11 terrestrial group","f__","g__","s__"
"OTU_301","OTU_301",25,1366,0.0443814055636896,"M2",0.225544262911983,0,"Peripheral nodes","k__Bacteria","p__Proteobacteria","c__Deltaproteobacteria","o__Syntrophobacterales","f__Syntrophaceae","g__Smithella","s__"
"OTU_9901","OTU_9901",1,0,0.0399585163494387,"M2",-1.37175281213681,0,"Peripheral nodes","k__Bacteria","p__Bacteroidetes","c__Sphingobacteriia","o__Sphingobacteriales","f__Sphingobacteriaceae","g__Pedobacter","s__"
"OTU_967","OTU_967",3,5,0.145040263543192,"M3",-0.33920680312671,0,"Peripheral nodes","k__Bacteria","p__Proteobacteria","c__Alphaproteobacteria","o__Rhodobacterales","f__Rhodobacteraceae","g__","s__"
"OTU_489","OTU_489",2,30,0.0684785261102977,"M4",-0.295393520039156,0,"Peripheral nodes","k__Bacteria","p__Acidobacteria","c__Acidobacteria","o__Subgroup 2","f__","g__","s__"
"OTU_3189","OTU_3189",2,0,0.0221144460712543,"M1",-0.936809188891669,0,"Peripheral nodes","k__Bacteria","p__Proteobacteria","c__Deltaproteobacteria","o__Desulfobacterales","f__Nitrospinaceae","g__","s__"
"OTU_1175","OTU_1175",3,0,0.0488042947779405,"M1",-0.84428482455669,0,"Peripheral nodes","k__Bacteria","p__Proteobacteria","c__Gammaproteobacteria","o__Chromatiales","f__","g__","s__"
"OTU_3508","OTU_3508",5,34,0.0172340165934602,"M4",0.93162571704657,0,"Peripheral nodes","k__Bacteria","p__Actinobacteria","c__Acidimicrobiia","o__Acidimicrobiales","f__","g__","s__"
"OTU_938","OTU_938",3,667,0.0605478282088824,"M3",-0.33920680312671,0.444444444444444,"Peripheral nodes","k__Bacteria","p__Proteobacteria","c__Alphaproteobacteria","o__Rhodobacterales","f__Rhodobacteraceae","g__","s__"
"OTU_1162","OTU_1162",4,4,0.0353831137140068,"M1",-0.75176046022171,0,"Peripheral nodes","k__Bacteria","p__Proteobacteria","c__Alphaproteobacteria","o__Sphingomonadales","f__Sphingomonadaceae","g__Novosphingobium","s__"
"OTU_12339","OTU_12339",2,0,0.0141837481698389,"M3",-0.523977988569715,0,"Peripheral nodes","k__Bacteria","p__Chloroflexi","c__Anaerolineae","o__Anaerolineales","f__Anaerolineaceae","g__","s__"
"OTU_3116","OTU_3116",2,13,0.0425512445095168,"M3",-0.523977988569715,0,"Peripheral nodes","k__Bacteria","p__Verrucomicrobia","c__Verrucomicrobiae","o__Verrucomicrobiales","f__Verrucomicrobiaceae","g__","s__"
"OTU_7205","OTU_7205",3,9,0.0170815031722792,"M4",0.113612892322752,0.5,"Peripheral nodes","k__Bacteria","p__Elusimicrobia","c__Elusimicrobia","o__Lineage IIa","f__","g__","s__"
"OTU_2361","OTU_2361",1,0,0.0242496339677892,"M4",-0.704399932401065,0.5,"Peripheral nodes","k__Bacteria","p__Acidobacteria","c__Acidobacteria","o__Subgroup 3","f__","g__Bryobacter","s__"
"OTU_1277","OTU_1277",3,34,0.0161664226451928,"M4",0.113612892322752,0,"Peripheral nodes","k__Bacteria","p__Verrucomicrobia","c__S-BQ2-57 soil group","o__","f__","g__","s__"
"OTU_3306","OTU_3306",1,0,0.0793069790141532,"M3",-0.70874917401272,0,"Peripheral nodes","k__Bacteria","p__Proteobacteria","c__","o__","f__","g__","s__"
"OTU_57","OTU_57",12,2549,0.556979014153245,"M2",-0.639658319406115,0.345679012345679,"Peripheral nodes","k__Bacteria","p__Bacteroidetes","c__Sphingobacteriia","o__Sphingobacteriales","f__Sphingobacteriaceae","g__Pedobacter","s__"
"OTU_265","OTU_265",13,1463,0.266745973645681,"M3",1.50850505130334,0.291666666666667,"Peripheral nodes","k__Bacteria","p__Proteobacteria","c__Gammaproteobacteria","o__Xanthomonadales","f__JTB255 marine benthic group","g__","s__"
"OTU_3164","OTU_3164",2,0,0.0218094192288921,"M3",-0.523977988569715,0,"Peripheral nodes","k__Bacteria","p__Proteobacteria","c__Alphaproteobacteria","o__Sphingomonadales","f__Erythrobacteraceae","g__Croceicoccus","s__"
"OTU_8066","OTU_8066",16,377,0.0175390434358224,"M1",0.358531911798046,0,"Peripheral nodes","k__Bacteria","p__Chlorobi","c__Ignavibacteria","o__Ignavibacteriales","f__IheB3-7","g__","s__"
"OTU_3336","OTU_3336",9,37,0.0359931673987311,"M1",-0.289138638546812,0,"Peripheral nodes","k__Bacteria","p__Actinobacteria","c__Thermoleophilia","o__Gaiellales","f__","g__","s__"
"OTU_713","OTU_713",2,0,0.038128355295266,"M3",-0.523977988569715,0.489795918367347,"Peripheral nodes","k__Bacteria","p__SHA-109","c__","o__","f__","g__","s__"
"OTU_944","OTU_944",1,0,0.0459065397755002,"M3",-0.70874917401272,0,"Peripheral nodes","k__Bacteria","p__Proteobacteria","c__Alphaproteobacteria","o__Rhodobacterales","f__Rhodobacteraceae","g__Leisingera","s__"
"OTU_3597","OTU_3597",2,0,0.023792093704246,"M4",-0.295393520039156,0,"Peripheral nodes","k__Bacteria","p__Chloroflexi","c__Anaerolineae","o__Anaerolineales","f__Anaerolineaceae","g__","s__"
"OTU_8029","OTU_8029",31,667,0.0192166910688141,"M1",1.74639737682274,0,"Peripheral nodes","k__Bacteria","p__Proteobacteria","c__Alphaproteobacteria","o__Sphingomonadales","f__","g__","s__"
"OTU_661","OTU_661",37,1113,0.0642081503172279,"M2",1.02419280043638,0.0475907198096371,"Peripheral nodes","k__Bacteria","p__Firmicutes","c__Bacilli","o__Bacillales","f__Staphylococcaceae","g__Staphylococcus","s__"
"OTU_1649","OTU_1649",4,0,0.0465165934602245,"M2",-1.17209067775571,0,"Peripheral nodes","k__Bacteria","p__Proteobacteria","c__Betaproteobacteria","o__Burkholderiales","f__Comamonadaceae","g__Polaromonas","s__"
"OTU_6465","OTU_6465",1,0,0.0266898487066862,"M4",-0.704399932401065,0,"Peripheral nodes","k__Bacteria","p__Planctomycetes","c__Planctomycetacia","o__Planctomycetales","f__Planctomycetaceae","g__Planctomyces","s__"
"OTU_7510","OTU_7510",4,9,0.0138787213274768,"M1",-0.75176046022171,0.328180737217598,"Peripheral nodes","k__Bacteria","p__Proteobacteria","c__Deltaproteobacteria","o__Desulfobacterales","f__Desulfobulbaceae","g__Desulfobulbus","s__"
"OTU_1823","OTU_1823",3,45,0.118045387994143,"M3",-0.33920680312671,0.32,"Peripheral nodes","k__Bacteria","p__Proteobacteria","c__Gammaproteobacteria","o__Cellvibrionales","f__Halieaceae","g__Haliea","s__"
"OTU_6485","OTU_6485",3,94,0.0173865300146413,"M4",0.113612892322752,0,"Peripheral nodes","k__Bacteria","p__Chloroflexi","c__JG37-AG-4","o__","f__","g__","s__"
"OTU_3995","OTU_3995",1,0,0.0205893118594436,"M1",-1.02933355322665,0,"Peripheral nodes","k__Bacteria","p__Proteobacteria","c__Alphaproteobacteria","o__Sphingomonadales","f__Erythrobacteraceae","g__Croceicoccus","s__"
"OTU_846","OTU_846",12,69,0.0416361639824305,"M1",-0.0115655455418725,0,"Peripheral nodes","k__Bacteria","p__Acidobacteria","c__Acidobacteria","o__Subgroup 6","f__","g__","s__"
"OTU_1174","OTU_1174",12,141,0.0603953147877013,"M1",-0.0115655455418725,0.493827160493827,"Peripheral nodes","k__Bacteria","p__Chloroflexi","c__Anaerolineae","o__Anaerolineales","f__Anaerolineaceae","g__","s__"
"OTU_1167","OTU_1167",6,136,0.0219619326500732,"M1",-0.566711731551751,0,"Peripheral nodes","k__Bacteria","p__Chloroflexi","c__Anaerolineae","o__Anaerolineales","f__Anaerolineaceae","g__","s__"
"OTU_107","OTU_107",7,487,0.262933138116154,"M3",0.399877938645309,0.244897959183674,"Peripheral nodes","k__Bacteria","p__Bacteroidetes","c__Flavobacteriia","o__Flavobacteriales","f__Flavobacteriaceae","g__Robiginitalea","s__"
"OTU_8174","OTU_8174",6,1018,0.0150988286969253,"M3",0.215106753202304,0,"Peripheral nodes","k__Bacteria","p__Proteobacteria","c__Alphaproteobacteria","o__Rhizobiales","f__Hyphomicrobiaceae","g__Filomicrobium","s__"
"OTU_3220","OTU_3220",10,980,0.0257747681795998,"M1",-0.196614274211832,0,"Peripheral nodes","k__Bacteria","p__Gemmatimonadetes","c__Gemmatimonadetes","o__PAUC43f marine benthic group","f__","g__","s__"
"OTU_3122","OTU_3122",14,469,0.0530746705710103,"M1",0.173483183128087,0.0768,"Peripheral nodes","k__Bacteria","p__Chloroflexi","c__Anaerolineae","o__Anaerolineales","f__Anaerolineaceae","g__","s__"
"OTU_7885","OTU_7885",10,4,0.0301976573938507,"M2",-0.772766408993514,0,"Peripheral nodes","k__Bacteria","p__Proteobacteria","c__Alphaproteobacteria","o__Sphingomonadales","f__Sphingomonadaceae","g__Sphingorhabdus","s__"
"OTU_4047","OTU_4047",1,0,0.0250122010736945,"M22",NA,NA,NA,"k__Bacteria","p__Acidobacteria","c__Acidobacteria","o__Acidobacteriales","f__Acidobacteriaceae (Subgroup 1)","g__","s__"
"OTU_3296","OTU_3296",1,0,0.0257747681795998,"M1",-1.02933355322665,0,"Peripheral nodes","k__Bacteria","p__Proteobacteria","c__Gammaproteobacteria","o__Xanthomonadales","f__JTB255 marine benthic group","g__","s__"
"OTU_3500","OTU_3500",3,334,0.0323328452903856,"M6",0.77709281262705,0,"Peripheral nodes","k__Bacteria","p__Bacteroidetes","c__Sphingobacteriia","o__Sphingobacteriales","f__WCHB1-69","g__","s__"
"OTU_7714","OTU_7714",1,0,0.0138787213274768,"M1",-1.02933355322665,0,"Peripheral nodes","k__Bacteria","p__Proteobacteria","c__Deltaproteobacteria","o__Desulfarculales","f__Desulfarculaceae","g__Desulfatiglans","s__"
"OTU_842","OTU_842",12,71,0.163189360663738,"M1",-0.0115655455418725,0,"Peripheral nodes","k__Bacteria","p__Chloroflexi","c__Anaerolineae","o__Anaerolineales","f__Anaerolineaceae","g__","s__"
"OTU_8187","OTU_8187",3,14,0.0492618350414837,"M3",-0.33920680312671,0,"Peripheral nodes","k__Bacteria","p__Proteobacteria","c__Alphaproteobacteria","o__Rhodobacterales","f__Rhodobacteraceae","g__","s__"
"OTU_3143","OTU_3143",9,8,0.0274524158125915,"M1",-0.289138638546812,0.18,"Peripheral nodes","k__Bacteria","p__Proteobacteria","c__Deltaproteobacteria","o__Desulfobacterales","f__Nitrospinaceae","g__","s__"
"OTU_1287","OTU_1287",1,0,0.0349255734504636,"M16",-0.707106781186547,0.5,"Peripheral nodes","k__Bacteria","p__Chloroflexi","c__","o__","f__","g__","s__"
"OTU_7629","OTU_7629",15,261,0.0297401171303075,"M1",0.266007547463067,0,"Peripheral nodes","k__Bacteria","p__Chloroflexi","c__Anaerolineae","o__Anaerolineales","f__Anaerolineaceae","g__","s__"
"OTU_4108","OTU_4108",1,0,0.0205893118594436,"M5",-0.752564215033007,0.666666666666667,"Connectors","k__Bacteria","p__Proteobacteria","c__Deltaproteobacteria","o__Desulfobacterales","f__Desulfobulbaceae","g__Desulfobulbus","s__"
"OTU_1166","OTU_1166",22,2818,0.0700036603221083,"M1",0.913678097807924,0,"Peripheral nodes","k__Bacteria","p__Proteobacteria","c__Deltaproteobacteria","o__Desulfobacterales","f__Desulfobacteraceae","g__Sva0081 sediment group","s__"
"OTU_2260","OTU_2260",1,0,0.0154038555392875,"M20",NA,NA,NA,"k__Bacteria","p__Chloroflexi","c__JG30-KF-CM66","o__","f__","g__","s__"
"OTU_1632","OTU_1632",1,0,0.0149463152757443,"M4",-0.704399932401065,0,"Peripheral nodes","k__Bacteria","p__Chlorobi","c__Ignavibacteria","o__Ignavibacteriales","f__BSV26","g__","s__"
"OTU_3276","OTU_3276",7,739,0.035688140556369,"M5",1.38630250137659,0.1171875,"Peripheral nodes","k__Bacteria","p__Nitrospirae","c__Nitrospira","o__Nitrospirales","f__Nitrospiraceae","g__","s__"
"OTU_11307","OTU_11307",2,34,0.0192166910688141,"M4",-0.295393520039156,0,"Peripheral nodes","k__Bacteria","p__Actinobacteria","c__Thermoleophilia","o__Gaiellales","f__","g__","s__"
"OTU_7415","OTU_7415",8,550,0.0779343582235237,"M3",0.584649124088314,0,"Peripheral nodes","k__Bacteria","p__Proteobacteria","c__Gammaproteobacteria","o__Xanthomonadales","f__JTB255 marine benthic group","g__","s__"
"OTU_3522","OTU_3522",7,48,0.0149463152757443,"M4",1.74963854177039,0.244897959183674,"Peripheral nodes","k__Bacteria","p__Acidobacteria","c__Acidobacteria","o__Subgroup 3","f__","g__Bryobacter","s__"
"OTU_7648","OTU_7648",7,207,0.0462115666178624,"M3",0.399877938645309,0,"Peripheral nodes","k__Bacteria","p__Proteobacteria","c__Gammaproteobacteria","o__Xanthomonadales","f__JTB255 marine benthic group","g__","s__"
"OTU_668","OTU_668",39,325,0.0454489995119571,"M2",1.15730089002378,0,"Peripheral nodes","k__Archaea","p__Euryarchaeota","c__Methanobacteria","o__Methanobacteriales","f__Methanobacteriaceae","g__Methanothermobacter","s__"
"OTU_3138","OTU_3138",28,990,0.02150439238653,"M1",1.4688242838178,0.231111111111111,"Peripheral nodes","k__Bacteria","p__Proteobacteria","c__Betaproteobacteria","o__Nitrosomonadales","f__Nitrosomonadaceae","g__","s__"
"OTU_1169","OTU_1169",23,896,0.0186066373840898,"M2",0.0924361733245831,0,"Peripheral nodes","k__Bacteria","p__Proteobacteria","c__Deltaproteobacteria","o__Syntrophobacterales","f__Syntrophaceae","g__Desulfomonile","s__"
"OTU_2211","OTU_2211",1,0,0.0942532942898975,"M3",-0.70874917401272,0,"Peripheral nodes","k__Bacteria","p__Proteobacteria","c__Deltaproteobacteria","o__Desulfobacterales","f__Desulfobulbaceae","g__Desulfobulbus","s__"
"OTU_8175","OTU_8175",9,349,0.0178440702781845,"M1",-0.289138638546812,0,"Peripheral nodes","k__Bacteria","p__Proteobacteria","c__Gammaproteobacteria","o__Chromatiales","f__Ectothiorhodospiraceae","g__","s__"
"OTU_657","OTU_657",1,0,0.0254697413372377,"M4",-0.704399932401065,0,"Peripheral nodes","k__Bacteria","p__Acidobacteria","c__Acidobacteria","o__Subgroup 3","f__","g__Bryobacter","s__"
"OTU_1707","OTU_1707",2,0,0.0407210834553441,"M2",-1.30519876734311,0,"Peripheral nodes","k__Bacteria","p__Proteobacteria","c__Alphaproteobacteria","o__Sphingomonadales","f__Sphingomonadaceae","g__","s__"
"OTU_2003","OTU_2003",8,162,0.0208943387018058,"M4",2.1586449541323,0.13265306122449,"Peripheral nodes","k__Bacteria","p__Chloroflexi","c__TK10","o__","f__","g__","s__"
"OTU_3139","OTU_3139",2,0,0.0393484626647145,"M3",-0.523977988569715,0,"Peripheral nodes","k__Bacteria","p__Chloroflexi","c__Anaerolineae","o__Anaerolineales","f__Anaerolineaceae","g__Anaerolinea","s__"
"OTU_3134","OTU_3134",38,1685,0.0201317715959004,"M1",2.3940679271676,0.5,"Peripheral nodes","k__Bacteria","p__Gemmatimonadetes","c__Gemmatimonadetes","o__BD2-11 terrestrial group","f__","g__","s__"
"OTU_4522","OTU_4522",1,0,0.0149463152757443,"M21",NA,NA,NA,"k__Bacteria","p__Proteobacteria","c__Alphaproteobacteria","o__Rhodobacterales","f__Rhodobacteraceae","g__","s__"
"OTU_7686","OTU_7686",7,0,0.0183016105417277,"M1",-0.474187367216771,0,"Peripheral nodes","k__Bacteria","p__Actinobacteria","c__Acidimicrobiia","o__Acidimicrobiales","f__OM1 clade","g__","s__"
"OTU_6200","OTU_6200",1,0,0.0248596876525134,"M4",-0.704399932401065,0,"Peripheral nodes","k__Bacteria","p__Acidobacteria","c__Acidobacteria","o__Subgroup 6","f__","g__","s__"
"OTU_659","OTU_659",16,226,0.0574975597852611,"M2",-0.373442140231315,0,"Peripheral nodes","k__Bacteria","p__Proteobacteria","c__Alphaproteobacteria","o__Sphingomonadales","f__Sphingomonadaceae","g__Sphingopyxis","s__"
"OTU_1971","OTU_1971",1,0,0.0372132747681796,"M9",-0.577350269189626,0.244897959183674,"Peripheral nodes","k__Bacteria","p__Actinobacteria","c__Acidimicrobiia","o__Acidimicrobiales","f__Acidimicrobiaceae","g__Illumatobacter","s__"
"OTU_1812","OTU_1812",3,16,0.03584065397755,"M3",-0.33920680312671,0,"Peripheral nodes","k__Bacteria","p__Proteobacteria","c__Deltaproteobacteria","o__Desulfuromonadales","f__","g__","s__"
"OTU_154","OTU_154",44,530,0.235480722303563,"M2",1.49007111399228,0,"Peripheral nodes","k__Bacteria","p__Proteobacteria","c__Betaproteobacteria","o__Burkholderiales","f__Comamonadaceae","g__","s__"
"OTU_172","OTU_172",34,8415,0.278642020497804,"M2",0.824530666055281,0,"Peripheral nodes","k__Bacteria","p__Chloroflexi","c__Anaerolineae","o__Anaerolineales","f__Anaerolineaceae","g__","s__"
"OTU_1833","OTU_1833",24,2832,0.033400439238653,"M1",1.09872682647788,0,"Peripheral nodes","k__Bacteria","p__Planctomycetes","c__OM190","o__","f__","g__","s__"
"OTU_847","OTU_847",35,406,0.0608528550512445,"M2",0.89108471084898,0,"Peripheral nodes","k__Bacteria","p__Proteobacteria","c__Alphaproteobacteria","o__Rhodospirillales","f__Rhodospirillaceae","g__Magnetospirillum","s__"
"OTU_2240","OTU_2240",1,0,0.0152513421181064,"M4",-0.704399932401065,0,"Peripheral nodes","k__Bacteria","p__Acidobacteria","c__Acidobacteria","o__Subgroup 3","f__","g__Candidatus Solibacter","s__"
"OTU_1196","OTU_1196",15,863,0.161816739873109,"M1",0.266007547463067,0.5,"Peripheral nodes","k__Bacteria","p__Chloroflexi","c__Anaerolineae","o__Anaerolineales","f__Anaerolineaceae","g__","s__"
"OTU_7984","OTU_7984",2,0,0.0176915568570034,"M1",-0.936809188891669,0,"Peripheral nodes","k__Bacteria","p__Planctomycetes","c__OM190","o__","f__","g__","s__"
"OTU_3659","OTU_3659",1,0,0.0468216203025866,"M9",-0.577350269189626,0,"Peripheral nodes","k__Bacteria","p__Actinobacteria","c__Actinobacteria","o__Frankiales","f__","g__","s__"
"OTU_2784","OTU_2784",8,969,0.0274524158125915,"M3",0.584649124088314,0,"Peripheral nodes","k__Bacteria","p__Proteobacteria","c__Alphaproteobacteria","o__Rhodobacterales","f__Rhodobacteraceae","g__Thioclava","s__"
"OTU_1854","OTU_1854",2,2,0.054752318204002,"M3",-0.523977988569715,0,"Peripheral nodes","k__Bacteria","p__Proteobacteria","c__Alphaproteobacteria","o__Rhodobacterales","f__Rhodobacteraceae","g__","s__"
"OTU_2274","OTU_2274",1,0,0.0163189360663738,"M4",-0.704399932401065,0,"Peripheral nodes","k__Bacteria","p__Chloroflexi","c__Gitt-GS-136","o__","f__","g__","s__"
"OTU_3194","OTU_3194",12,207,0.0823572474377745,"M1",-0.0115655455418725,0,"Peripheral nodes","k__Bacteria","p__Chloroflexi","c__Anaerolineae","o__Anaerolineales","f__Anaerolineaceae","g__","s__"
"OTU_1471","OTU_1471",1,0,0.0391959492435334,"M24",NA,NA,NA,"k__Bacteria","p__Proteobacteria","c__Alphaproteobacteria","o__Rhodobacterales","f__Rhodobacteraceae","g__","s__"
"OTU_426","OTU_426",9,642,0.0851024890190337,"M3",0.769420309531319,0,"Peripheral nodes","k__Bacteria","p__Acidobacteria","c__Acidobacteria","o__Subgroup 4","f__","g__Blastocatella","s__"
"OTU_7396","OTU_7396",2,0,0.0289775500244021,"M1",-0.936809188891669,0,"Peripheral nodes","k__Bacteria","p__Proteobacteria","c__Gammaproteobacteria","o__KI89A clade","f__","g__","s__"
"OTU_7389","OTU_7389",8,14,0.0140312347486579,"M1",-0.381663002881791,0,"Peripheral nodes","k__Bacteria","p__Deinococcus-Thermus","c__Deinococci","o__Deinococcales","f__Trueperaceae","g__Truepera","s__"
"OTU_1830","OTU_1830",8,78,0.0817471937530503,"M1",-0.381663002881791,0,"Peripheral nodes","k__Bacteria","p__Acidobacteria","c__Holophagae","o__Subgroup 23","f__","g__","s__"
"OTU_1243","OTU_1243",25,183,0.0253172279160566,"M2",0.225544262911983,0.48,"Peripheral nodes","k__Bacteria","p__Bacteroidetes","c__Cytophagia","o__Cytophagales","f__Cytophagaceae","g__Arcicella","s__"
"OTU_438","OTU_438",1,0,0.101268911664226,"M2",-1.37175281213681,0,"Peripheral nodes","k__Bacteria","p__Bacteroidetes","c__Bacteroidetes BD2-2","o__","f__","g__","s__"
"OTU_3268","OTU_3268",17,201,0.0448389458272328,"M1",0.451056276133026,0,"Peripheral nodes","k__Bacteria","p__Bacteroidetes","c__Cytophagia","o__Cytophagales","f__Flammeovirgaceae","g__","s__"
"OTU_7548","OTU_7548",2,78,0.0141837481698389,"M1",-0.936809188891669,0,"Peripheral nodes","k__Bacteria","p__Proteobacteria","c__Deltaproteobacteria","o__Desulfobacterales","f__Nitrospinaceae","g__","s__"
"OTU_12238","OTU_12238",2,6,0.0233345534407028,"M4",-0.295393520039156,0,"Peripheral nodes","k__Bacteria","p__Acidobacteria","c__Acidobacteria","o__Subgroup 2","f__","g__","s__"
"OTU_3098","OTU_3098",8,0,0.0242496339677892,"M1",-0.381663002881791,0,"Peripheral nodes","k__Bacteria","p__Bacteroidetes","c__Sphingobacteriia","o__Sphingobacteriales","f__Saprospiraceae","g__","s__"
"OTU_4516","OTU_4516",1,0,0.0173865300146413,"M21",NA,NA,NA,"k__Bacteria","p__Chloroflexi","c__Chloroflexia","o__Chloroflexales","f__","g__","s__"
"OTU_4036","OTU_4036",1,0,0.0202842850170815,"M4",-0.704399932401065,0,"Peripheral nodes","k__Bacteria","p__Chloroflexi","c__Anaerolineae","o__Anaerolineales","f__Anaerolineaceae","g__","s__"
"OTU_3132","OTU_3132",29,852,0.0160139092240117,"M1",1.56134864815278,0,"Peripheral nodes","k__Bacteria","p__Acidobacteria","c__Acidobacteria","o__Subgroup 21","f__","g__","s__"
"OTU_3105","OTU_3105",9,162,0.0225719863347975,"M1",-0.289138638546812,0.48,"Peripheral nodes","k__Bacteria","p__Chloroflexi","c__Anaerolineae","o__Anaerolineales","f__Anaerolineaceae","g__","s__"
"OTU_8057","OTU_8057",1,0,0.0462115666178624,"M1",-1.02933355322665,0.46875,"Peripheral nodes","k__Bacteria","p__Proteobacteria","c__Gammaproteobacteria","o__Xanthomonadales","f__JTB255 marine benthic group","g__","s__"
"OTU_530","OTU_530",9,1723,0.137414592484139,"M1",-0.289138638546812,0,"Peripheral nodes","k__Bacteria","p__Proteobacteria","c__Gammaproteobacteria","o__Xanthomonadales","f__JTB255 marine benthic group","g__","s__"
"OTU_702","OTU_702",1,0,0.0321803318692045,"M6",-0.999119330520493,0.489795918367347,"Peripheral nodes","k__Bacteria","p__Chloroflexi","c__Anaerolineae","o__Anaerolineales","f__Anaerolineaceae","g__Anaerolinea","s__"
"OTU_7899","OTU_7899",1,0,0.0478892142508541,"M1",-1.02933355322665,0,"Peripheral nodes","k__Bacteria","p__Proteobacteria","c__Deltaproteobacteria","o__Desulfobacterales","f__Desulfobulbaceae","g__Desulfobulbus","s__"
"OTU_178","OTU_178",25,2475,0.146870424597365,"M2",0.225544262911983,0.444444444444444,"Peripheral nodes","k__Bacteria","p__Bacteroidetes","c__Sphingobacteriia","o__Sphingobacteriales","f__Sphingobacteriaceae","g__Pedobacter","s__"
"OTU_2775","OTU_2775",1,0,0.0263848218643241,"M20",NA,NA,NA,"k__Bacteria","p__Proteobacteria","c__Gammaproteobacteria","o__Chromatiales","f__Ectothiorhodospiraceae","g__","s__"
"OTU_11045","OTU_11045",3,11,0.0204367984382626,"M4",0.113612892322752,0,"Peripheral nodes","k__Bacteria","p__Acidobacteria","c__Acidobacteria","o__Acidobacteriales","f__Acidobacteriaceae (Subgroup 1)","g__Candidatus Koribacter","s__"
"OTU_1839","OTU_1839",2,5,0.0173865300146413,"M1",-0.936809188891669,0,"Peripheral nodes","k__Bacteria","p__Chloroflexi","c__Anaerolineae","o__Anaerolineales","f__Anaerolineaceae","g__","s__"
"OTU_1850","OTU_1850",40,1371,0.0230295265983407,"M1",2.57911665583756,0,"Module hubs","k__Bacteria","p__Proteobacteria","c__Betaproteobacteria","o__Methylophilales","f__Methylophilaceae","g__Methylotenera","s__"
"OTU_626","OTU_626",5,0,0.0517020497803807,"M2",-1.10553663296201,0.32,"Peripheral nodes","k__Bacteria","p__Bacteroidetes","c__Flavobacteriia","o__Flavobacteriales","f__Flavobacteriaceae","g__Flavobacterium","s__"
"OTU_1901","OTU_1901",29,29,0.0247071742313324,"M2",0.491760442086782,0,"Peripheral nodes","k__Bacteria","p__Proteobacteria","c__Betaproteobacteria","o__Burkholderiales","f__Alcaligenaceae","g__GKS98 freshwater group","s__"
"OTU_3712","OTU_3712",15,1325,0.0161664226451928,"M3",1.87804742218935,0,"Peripheral nodes","k__Bacteria","p__SHA-109","c__","o__","f__","g__","s__"
"OTU_1858","OTU_1858",11,781,0.0361456808199122,"M3",1.13896268041733,0.417355371900826,"Peripheral nodes","k__Bacteria","p__Planctomycetes","c__Planctomycetacia","o__Planctomycetales","f__Planctomycetaceae","g__Rubripirellula","s__"
"OTU_4","OTU_4",2,525,0.0646656905807711,"M2",-1.30519876734311,0,"Peripheral nodes","k__Bacteria","p__Proteobacteria","c__Epsilonproteobacteria","o__Campylobacterales","f__Helicobacteraceae","g__Sulfurovum","s__"
"OTU_943","OTU_943",4,1327,0.0462115666178624,"M6",1.66519888420082,0,"Peripheral nodes","k__Bacteria","p__Bacteroidetes","c__Sphingobacteriia","o__Sphingobacteriales","f__WCHB1-69","g__","s__"
"OTU_2358","OTU_2358",1,0,0.0244021473889702,"M3",-0.70874917401272,0,"Peripheral nodes","k__Bacteria","p__Chloroflexi","c__Anaerolineae","o__Anaerolineales","f__Anaerolineaceae","g__","s__"
"OTU_1842","OTU_1842",2,6,0.0192166910688141,"M5",-0.396086428964741,0.517777777777778,"Peripheral nodes","k__Bacteria","p__Proteobacteria","c__Alphaproteobacteria","o__Rhodobacterales","f__Rhodobacteraceae","g__","s__"
"OTU_3295","OTU_3295",1,0,0.0172340165934602,"M1",-1.02933355322665,0.197530864197531,"Peripheral nodes","k__Bacteria","p__Bacteroidetes","c__Cytophagia","o__Order II","f__Rhodothermaceae","g__","s__"
"OTU_7615","OTU_7615",1,0,0.019064177647633,"M1",-1.02933355322665,0,"Peripheral nodes","k__Bacteria","p__Proteobacteria","c__Alphaproteobacteria","o__Rhizobiales","f__Rhizobiaceae","g__Ensifer","s__"
"OTU_1168","OTU_1168",1,0,0.0437713518789654,"M1",-1.02933355322665,0.124444444444444,"Peripheral nodes","k__Bacteria","p__Proteobacteria","c__Gammaproteobacteria","o__Cellvibrionales","f__Halieaceae","g__","s__"
"OTU_8256","OTU_8256",1,0,0.0245546608101513,"M3",-0.70874917401272,0,"Peripheral nodes","k__Bacteria","p__Bacteroidetes","c__Flavobacteriia","o__Flavobacteriales","f__Flavobacteriaceae","g__Muriicola","s__"
"OTU_10525","OTU_10525",2,27,0.0141837481698389,"M3",-0.523977988569715,0.571428571428571,"Peripheral nodes","k__Bacteria","p__Proteobacteria","c__Alphaproteobacteria","o__Rhodobacterales","f__Rhodobacteraceae","g__","s__"
"OTU_874","OTU_874",34,25,0.0462115666178624,"M2",0.824530666055281,0,"Peripheral nodes","k__Bacteria","p__Actinobacteria","c__Actinobacteria","o__Frankiales","f__Sporichthyaceae","g__hgcI clade","s__"
"OTU_7403","OTU_7403",4,0,0.0170815031722792,"M2",-1.17209067775571,0,"Peripheral nodes","k__Bacteria","p__Actinobacteria","c__Actinobacteria","o__Pseudonocardiales","f__Pseudonocardiaceae","g__Saccharopolyspora","s__"
"OTU_1891","OTU_1891",35,20,0.0399585163494387,"M2",0.89108471084898,0.0768,"Peripheral nodes","k__Bacteria","p__Firmicutes","c__Bacilli","o__Bacillales","f__Bacillaceae","g__Bacillus","s__"
"OTU_1869","OTU_1869",3,2,0.0227244997559785,"M3",-0.33920680312671,0,"Peripheral nodes","k__Bacteria","p__Acidobacteria","c__Acidobacteria","o__Subgroup 3","f__PAUC26f","g__","s__"
"OTU_3321","OTU_3321",5,741,0.0420937042459736,"M3",0.0303355677592993,0,"Peripheral nodes","k__Bacteria","p__Acidobacteria","c__Acidobacteria","o__Subgroup 17","f__","g__","s__"
"OTU_7541","OTU_7541",8,230,0.0158613958028306,"M3",0.584649124088314,0,"Peripheral nodes","k__Bacteria","p__Acidobacteria","c__Acidobacteria","o__Subgroup 18","f__","g__","s__"
"OTU_3727","OTU_3727",1,0,0.0341630063445583,"M6",-0.999119330520493,0.231111111111111,"Peripheral nodes","k__Bacteria","p__Bacteroidetes","c__Bacteroidetes vadinHA17","o__","f__","g__","s__"
"OTU_8122","OTU_8122",2,20,0.0152513421181064,"M1",-0.936809188891669,0.290123456790123,"Peripheral nodes","k__Bacteria","p__Actinobacteria","c__Acidimicrobiia","o__Acidimicrobiales","f__OM1 clade","g__","s__"
"OTU_3698","OTU_3698",1,0,0.0161664226451928,"M11",-0.577350269189626,0,"Peripheral nodes","k__Bacteria","p__Actinobacteria","c__OPB41","o__","f__","g__","s__"
"OTU_3101","OTU_3101",1,0,0.0362981942410932,"M3",-0.70874917401272,0.408163265306122,"Peripheral nodes","k__Bacteria","p__Proteobacteria","c__Alphaproteobacteria","o__Rhodobacterales","f__Rhodobacteraceae","g__","s__"
"OTU_851","OTU_851",9,231,0.0663433382137628,"M1",-0.289138638546812,0.0798611111111112,"Peripheral nodes","k__Bacteria","p__Proteobacteria","c__Gammaproteobacteria","o__Chromatiales","f__Ectothiorhodospiraceae","g__","s__"
"OTU_3319","OTU_3319",1,0,0.0158613958028306,"M5",-0.752564215033007,0,"Peripheral nodes","k__Bacteria","p__Gemmatimonadetes","c__Gemmatimonadetes","o__BD2-11 terrestrial group","f__","g__","s__"
"OTU_7418","OTU_7418",15,265,0.0271473889702294,"M1",0.266007547463067,0.104938271604938,"Peripheral nodes","k__Bacteria","p__Bacteroidetes","c__Bacteroidetes BD2-2","o__","f__","g__","s__"
"OTU_3127","OTU_3127",18,2069,0.066800878477306,"M1",0.543580640468006,0,"Peripheral nodes","k__Bacteria","p__Acidobacteria","c__Holophagae","o__Subgroup 10","f__Sva0725","g__","s__"
"OTU_3150","OTU_3150",24,527,0.0141837481698389,"M1",1.09872682647788,0,"Peripheral nodes","k__Bacteria","p__Aminicenantes","c__","o__","f__","g__","s__"
"OTU_8083","OTU_8083",18,745,0.0184541239629087,"M1",0.543580640468006,0,"Peripheral nodes","k__Bacteria","p__Actinobacteria","c__Acidimicrobiia","o__Acidimicrobiales","f__OM1 clade","g__","s__"
"OTU_7609","OTU_7609",1,0,0.045296486090776,"M1",-1.02933355322665,0.04875,"Peripheral nodes","k__Bacteria","p__Proteobacteria","c__Alphaproteobacteria","o__Rhodobacterales","f__Rhodobacteraceae","g__","s__"
"OTU_519","OTU_519",1,0,0.0950158613958028,"M1",-1.02933355322665,0,"Peripheral nodes","k__Bacteria","p__Proteobacteria","c__Deltaproteobacteria","o__Desulfobacterales","f__Desulfobulbaceae","g__Desulfobulbus","s__"
"OTU_1397","OTU_1397",2,334,0.0187591508052709,"M3",-0.523977988569715,0,"Peripheral nodes","k__Bacteria","p__Proteobacteria","c__Gammaproteobacteria","o__Alteromonadales","f__Shewanellaceae","g__Shewanella","s__"
"OTU_266","OTU_266",40,700,0.0449914592484139,"M2",1.22385493481748,0,"Peripheral nodes","k__Bacteria","p__Spirochaetae","c__Spirochaetes","o__Spirochaetales","f__Spirochaetaceae","g__","s__"
"OTU_8849","OTU_8849",2,1,0.0251647144948755,"M11",1.15470053837925,0,"Peripheral nodes","k__Bacteria","p__Bacteroidetes","c__Sphingobacteriia","o__Sphingobacteriales","f__WCHB1-69","g__","s__"
"OTU_3151","OTU_3151",9,355,0.0158613958028306,"M1",-0.289138638546812,0.345679012345679,"Peripheral nodes","k__Bacteria","p__Bacteroidetes","c__Sphingobacteriia","o__Sphingobacteriales","f__Saprospiraceae","g__","s__"
"OTU_3289","OTU_3289",1,0,0.0291300634455832,"M1",-1.02933355322665,0,"Peripheral nodes","k__Bacteria","p__Actinobacteria","c__Acidimicrobiia","o__Acidimicrobiales","f__Sva0996 marine group","g__","s__"
"OTU_3199","OTU_3199",17,1120,0.0163189360663738,"M1",0.451056276133026,0.214532871972318,"Peripheral nodes","k__Bacteria","p__Bacteroidetes","c__Cytophagia","o__Order II","f__Rhodothermaceae","g__","s__"
"OTU_3274","OTU_3274",2,0,0.0300451439726696,"M5",-0.396086428964741,0,"Peripheral nodes","k__Bacteria","p__Proteobacteria","c__Deltaproteobacteria","o__Desulfobacterales","f__Desulfobulbaceae","g__Desulfobulbus","s__"
"OTU_464","OTU_464",15,4012,0.0849499755978526,"M1",0.266007547463067,0.5,"Peripheral nodes","k__Bacteria","p__Proteobacteria","c__Deltaproteobacteria","o__Syntrophobacterales","f__Syntrophobacteraceae","g__","s__"
"OTU_7975","OTU_7975",32,790,0.0140312347486579,"M1",1.83892174115772,0.391111111111111,"Peripheral nodes","k__Bacteria","p__Bacteroidetes","c__Bacteroidetes BD2-2","o__","f__","g__","s__"
"OTU_12327","OTU_12327",14,597,0.0231820400195217,"M1",0.173483183128087,0,"Peripheral nodes","k__Bacteria","p__Proteobacteria","c__Gammaproteobacteria","o__Xanthomonadales","f__JTB255 marine benthic group","g__","s__"
"OTU_3163","OTU_3163",4,19,0.0240971205466081,"M1",-0.75176046022171,0.336734693877551,"Peripheral nodes","k__Bacteria","p__Planctomycetes","c__Planctomycetacia","o__Planctomycetales","f__Planctomycetaceae","g__Pirellula","s__"
"OTU_8001","OTU_8001",1,0,0.0353831137140068,"M5",-0.752564215033007,0,"Peripheral nodes","k__Bacteria","p__Proteobacteria","c__Gammaproteobacteria","o__Sva0071","f__","g__","s__"
"OTU_1179","OTU_1179",1,0,0.0260797950219619,"M1",-1.02933355322665,0,"Peripheral nodes","k__Bacteria","p__Chloroflexi","c__Anaerolineae","o__Anaerolineales","f__Anaerolineaceae","g__","s__"
"OTU_3159","OTU_3159",34,1060,0.0314177647632992,"M1",2.02397046982768,0,"Peripheral nodes","k__Bacteria","p__Actinobacteria","c__OPB41","o__","f__","g__","s__"
"OTU_6427","OTU_6427",2,334,0.0205893118594436,"M5",-0.396086428964741,0.046485260770975,"Peripheral nodes","k__Bacteria","p__Gemmatimonadetes","c__Gemmatimonadetes","o__PAUC43f marine benthic group","f__","g__","s__"
"OTU_7630","OTU_7630",35,1580,0.0225719863347975,"M1",2.11649483416266,0,"Peripheral nodes","k__Bacteria","p__Planctomycetes","c__Planctomycetacia","o__Planctomycetales","f__Planctomycetaceae","g__","s__"
"OTU_3097","OTU_3097",16,120,0.0314177647632992,"M1",0.358531911798046,0.160899653979239,"Peripheral nodes","k__Bacteria","p__Proteobacteria","c__Deltaproteobacteria","o__Desulfobacterales","f__Desulfobacteraceae","g__Sva0081 sediment group","s__"
"OTU_7751","OTU_7751",4,139,0.0201317715959004,"M1",-0.75176046022171,0,"Peripheral nodes","k__Bacteria","p__Planctomycetes","c__Planctomycetacia","o__Planctomycetales","f__Planctomycetaceae","g__","s__"
"OTU_1885","OTU_1885",34,4192,0.0364507076622743,"M3",5.38869994560644,0.191326530612245,"Module hubs","k__Bacteria","p__Planctomycetes","c__Planctomycetacia","o__Planctomycetales","f__Planctomycetaceae","g__Rubripirellula","s__"
"OTU_1840","OTU_1840",20,371,0.0579551000488043,"M1",0.728629369137965,0.32,"Peripheral nodes","k__Bacteria","p__Acidobacteria","c__Acidobacteria","o__Subgroup 17","f__","g__","s__"
"OTU_1853","OTU_1853",7,145,0.0253172279160566,"M1",-0.474187367216771,0,"Peripheral nodes","k__Bacteria","p__Verrucomicrobia","c__OPB35 soil group","o__","f__","g__","s__"
"OTU_3099","OTU_3099",44,1949,0.0340104929233773,"M1",2.94921411317748,0.375,"Module hubs","k__Bacteria","p__Verrucomicrobia","c__Verrucomicrobiae","o__Verrucomicrobiales","f__Verrucomicrobiaceae","g__Haloferula","s__"
"OTU_3166","OTU_3166",29,1219,0.0337054660810151,"M1",1.56134864815278,0.493079584775087,"Peripheral nodes","k__Bacteria","p__Chloroflexi","c__Ardenticatenia","o__","f__","g__","s__"
"OTU_7360","OTU_7360",6,4,0.0337054660810151,"M1",-0.566711731551751,0.265,"Peripheral nodes","k__Bacteria","p__Proteobacteria","c__Gammaproteobacteria","o__Xanthomonadales","f__JTB255 marine benthic group","g__","s__"
"OTU_3265","OTU_3265",2,0,0.0160139092240117,"M5",-0.396086428964741,0,"Peripheral nodes","k__Bacteria","p__Nitrospirae","c__Nitrospira","o__Nitrospirales","f__Nitrospiraceae","g__","s__"
"OTU_649","OTU_649",23,1561,0.0581076134699854,"M1",1.0062024621429,0,"Peripheral nodes","k__Archaea","p__Miscellaneous Crenarchaeotic Group","c__","o__","f__","g__","s__"
"OTU_658","OTU_658",2,2,0.0498718887262079,"M1",-0.936809188891669,0.0878099173553719,"Peripheral nodes","k__Bacteria","p__Lentisphaerae","c__R76-B128","o__","f__","g__","s__"
"OTU_733","OTU_733",8,732,0.03584065397755,"M3",0.584649124088314,0.0831758034026465,"Peripheral nodes","k__Bacteria","p__Acidobacteria","c__Acidobacteria","o__Subgroup 21","f__","g__","s__"
"OTU_1832","OTU_1832",10,478,0.023944607125427,"M3",0.954191494974323,0,"Peripheral nodes","k__Bacteria","p__Acidobacteria","c__Acidobacteria","o__Subgroup 9","f__","g__","s__"
"OTU_863","OTU_863",40,3905,0.105539287457296,"M1",2.57911665583756,0.0665873959571938,"Module hubs","k__Bacteria","p__Proteobacteria","c__Deltaproteobacteria","o__Desulfobacterales","f__Desulfobacteraceae","g__","s__"
"OTU_1827","OTU_1827",2,996,0.0373657881893607,"M3",-0.523977988569715,0.197530864197531,"Peripheral nodes","k__Bacteria","p__Planctomycetes","c__Planctomycetacia","o__Planctomycetales","f__Planctomycetaceae","g__Planctomyces","s__"
"OTU_353","OTU_353",13,1196,0.0919655929721816,"M1",0.0809588187931072,0,"Peripheral nodes","k__Bacteria","p__Chloroflexi","c__Anaerolineae","o__Anaerolineales","f__Anaerolineaceae","g__","s__"
"OTU_427","OTU_427",22,1630,0.0657332845290386,"M1",0.913678097807924,0.5,"Peripheral nodes","k__Bacteria","p__Proteobacteria","c__Deltaproteobacteria","o__Myxococcales","f__Sandaracinaceae","g__","s__"
"OTU_7346","OTU_7346",24,1041,0.023792093704246,"M1",1.09872682647788,0.234404536862004,"Peripheral nodes","k__Bacteria","p__Proteobacteria","c__Deltaproteobacteria","o__Sh765B-TzT-29","f__","g__","s__"
"OTU_651","OTU_651",8,39,0.0481942410932162,"M1",-0.381663002881791,0,"Peripheral nodes","k__Bacteria","p__Proteobacteria","c__Deltaproteobacteria","o__Syntrophobacterales","f__Syntrophobacteraceae","g__","s__"
"OTU_4531","OTU_4531",3,25,0.030960224499756,"M3",-0.33920680312671,0,"Peripheral nodes","k__Bacteria","p__Acidobacteria","c__Acidobacteria","o__Subgroup 17","f__","g__","s__"
"OTU_8360","OTU_8360",1,0,0.01433626159102,"M3",-0.70874917401272,0,"Peripheral nodes","k__Bacteria","p__Proteobacteria","c__Alphaproteobacteria","o__Sphingomonadales","f__Erythrobacteraceae","g__Croceicoccus","s__"
"OTU_3266","OTU_3266",13,195,0.0144887750122011,"M1",0.0809588187931072,0.59375,"Peripheral nodes","k__Bacteria","p__Latescibacteria","c__","o__","f__","g__","s__"
"OTU_7400","OTU_7400",2,3,0.0147938018545632,"M1",-0.936809188891669,0.42,"Peripheral nodes","k__Bacteria","p__Aminicenantes","c__","o__","f__","g__","s__"
"OTU_1884","OTU_1884",9,129,0.0146412884333821,"M1",-0.289138638546812,0.0962499999999999,"Peripheral nodes","k__Bacteria","p__Planctomycetes","c__Planctomycetacia","o__Planctomycetales","f__Planctomycetaceae","g__Planctomyces","s__"
"OTU_1815","OTU_1815",13,313,0.0757991703269888,"M1",0.0809588187931072,0,"Peripheral nodes","k__Bacteria","p__Bacteroidetes","c__Flavobacteriia","o__Flavobacteriales","f__Flavobacteriaceae","g__Lutimonas","s__"
"OTU_1171","OTU_1171",12,33,0.0398060029282577,"M1",-0.0115655455418725,0.378698224852071,"Peripheral nodes","k__Bacteria","p__Proteobacteria","c__Gammaproteobacteria","o__Xanthomonadales","f__JTB255 marine benthic group","g__","s__"
"OTU_1845","OTU_1845",1,0,0.0314177647632992,"M1",-1.02933355322665,0.417355371900826,"Peripheral nodes","k__Bacteria","p__Actinobacteria","c__Actinobacteria","o__Micrococcales","f__Demequinaceae","g__Lysinimicrobium","s__"
"OTU_1889","OTU_1889",1,0,0.0138787213274768,"M5",-0.752564215033007,0,"Peripheral nodes","k__Bacteria","p__Proteobacteria","c__Gammaproteobacteria","o__E01-9C-26 marine group","f__","g__","s__"
"OTU_7319","OTU_7319",6,42,0.0184541239629087,"M3",0.215106753202304,0,"Peripheral nodes","k__Bacteria","p__Planctomycetes","c__Planctomycetacia","o__Planctomycetales","f__Planctomycetaceae","g__","s__"
"OTU_1172","OTU_1172",20,474,0.0565824792581747,"M1",0.728629369137965,0.21875,"Peripheral nodes","k__Bacteria","p__Proteobacteria","c__Gammaproteobacteria","o__Xanthomonadales","f__","g__","s__"
"OTU_3100","OTU_3100",5,291,0.0318753050268424,"M3",0.0303355677592993,0,"Peripheral nodes","k__Bacteria","p__Chlorobi","c__Ignavibacteria","o__Ignavibacteriales","f__BSV26","g__","s__"
"OTU_7474","OTU_7474",20,1129,0.0227244997559785,"M1",0.728629369137965,0,"Peripheral nodes","k__Bacteria","p__Chloroflexi","c__Anaerolineae","o__Anaerolineales","f__Anaerolineaceae","g__Pelolinea","s__"
"OTU_7636","OTU_7636",23,617,0.0150988286969253,"M1",1.0062024621429,0.444444444444444,"Peripheral nodes","k__Bacteria","p__Chloroflexi","c__Anaerolineae","o__Anaerolineales","f__Anaerolineaceae","g__","s__"
"OTU_7470","OTU_7470",3,0,0.0236395802830649,"M1",-0.84428482455669,0,"Peripheral nodes","k__Bacteria","p__Proteobacteria","c__Deltaproteobacteria","o__Desulfobacterales","f__Desulfobulbaceae","g__Desulfopila","s__"
"OTU_1838","OTU_1838",14,690,0.0422462176671547,"M1",0.173483183128087,0.142011834319527,"Peripheral nodes","k__Bacteria","p__Proteobacteria","c__Deltaproteobacteria","o__Sva0485","f__","g__","s__"
"OTU_1718","OTU_1718",3,6,0.0439238653001464,"M1",-0.84428482455669,0,"Peripheral nodes","k__Bacteria","p__Proteobacteria","c__Gammaproteobacteria","o__Chromatiales","f__Ectothiorhodospiraceae","g__","s__"
"OTU_1857","OTU_1857",6,366,0.113469985358712,"M1",-0.566711731551751,0,"Peripheral nodes","k__Bacteria","p__Proteobacteria","c__Gammaproteobacteria","o__Xanthomonadales","f__JTB255 marine benthic group","g__","s__"
"OTU_8026","OTU_8026",46,2186,0.0179965836993655,"M1",3.13426284184744,0.260355029585799,"Module hubs","k__Bacteria","p__Proteobacteria","c__Deltaproteobacteria","o__Desulfobacterales","f__Desulfobulbaceae","g__","s__"
"OTU_7424","OTU_7424",1,0,0.0172340165934602,"M3",-0.70874917401272,0.0512465373961218,"Peripheral nodes","k__Bacteria","p__Planctomycetes","c__Planctomycetacia","o__Planctomycetales","f__Planctomycetaceae","g__","s__"
"OTU_650","OTU_650",3,0,0.0605478282088824,"M2",-1.23864472254941,0,"Peripheral nodes","k__Bacteria","p__Chloroflexi","c__Anaerolineae","o__Anaerolineales","f__Anaerolineaceae","g__","s__"
"OTU_8203","OTU_8203",17,598,0.0265373352855051,"M1",0.451056276133026,0,"Peripheral nodes","k__Bacteria","p__Bacteroidetes","c__Flavobacteriia","o__Flavobacteriales","f__Flavobacteriaceae","g__Actibacter","s__"
"OTU_8082","OTU_8082",6,37,0.0183016105417277,"M1",-0.566711731551751,0,"Peripheral nodes","k__Bacteria","p__Proteobacteria","c__Gammaproteobacteria","o__Xanthomonadales","f__JTB255 marine benthic group","g__","s__"
"OTU_7467","OTU_7467",13,300,0.0338579795021962,"M1",0.0809588187931072,0,"Peripheral nodes","k__Bacteria","p__Gemmatimonadetes","c__Gemmatimonadetes","o__PAUC43f marine benthic group","f__","g__","s__"
"OTU_1181","OTU_1181",1,0,0.0390434358223524,"M3",-0.70874917401272,0,"Peripheral nodes","k__Bacteria","p__Proteobacteria","c__Alphaproteobacteria","o__Rhodobacterales","f__Rhodobacteraceae","g__Rhodovulum","s__"
"OTU_4519","OTU_4519",1,0,0.0195217179111762,"M3",-0.70874917401272,0,"Peripheral nodes","k__Bacteria","p__Planctomycetes","c__Planctomycetacia","o__Planctomycetales","f__Planctomycetaceae","g__Pirellula","s__"
"OTU_1216","OTU_1216",11,506,0.054752318204002,"M1",-0.104089909876852,0.5,"Peripheral nodes","k__Bacteria","p__Proteobacteria","c__Deltaproteobacteria","o__Syntrophobacterales","f__Syntrophobacteraceae","g__","s__"
"OTU_7988","OTU_7988",10,1365,0.0141837481698389,"M5",2.45573585958139,0,"Peripheral nodes","k__Bacteria","p__Actinobacteria","c__Acidimicrobiia","o__Acidimicrobiales","f__OM1 clade","g__","s__"
"OTU_3117","OTU_3117",27,2181,0.0282149829184968,"M1",1.37629991948282,0,"Peripheral nodes","k__Bacteria","p__Gemmatimonadetes","c__Gemmatimonadetes","o__BD2-11 terrestrial group","f__","g__","s__"
"OTU_1178","OTU_1178",9,45,0.0216569058077111,"M1",-0.289138638546812,0.48,"Peripheral nodes","k__Bacteria","p__Latescibacteria","c__","o__","f__","g__","s__"
"OTU_7098","OTU_7098",26,283,0.0192166910688141,"M1",1.28377555514784,0.18,"Peripheral nodes","k__Bacteria","p__Proteobacteria","c__Alphaproteobacteria","o__Rhodospirillales","f__Rhodospirillaceae","g__","s__"
"OTU_7595","OTU_7595",1,0,0.0170815031722792,"M1",-1.02933355322665,0.0831758034026465,"Peripheral nodes","k__Bacteria","p__Deferribacteres","c__Deferribacteres Incertae Sedis","o__","f__","g__Caldithrix","s__"
"OTU_1810","OTU_1810",11,399,0.0225719863347975,"M1",-0.104089909876852,0,"Peripheral nodes","k__Bacteria","p__SHA-109","c__","o__","f__","g__","s__"
"OTU_3263","OTU_3263",7,121,0.0192166910688141,"M1",-0.474187367216771,0.13265306122449,"Peripheral nodes","k__Bacteria","p__Chloroflexi","c__Anaerolineae","o__Anaerolineales","f__Anaerolineaceae","g__","s__"
"OTU_7355","OTU_7355",11,76,0.0198267447535383,"M1",-0.104089909876852,0,"Peripheral nodes","k__Bacteria","p__Bacteroidetes","c__Flavobacteriia","o__Flavobacteriales","f__Flavobacteriaceae","g__Robiginitalea","s__"
"OTU_1897","OTU_1897",41,74,0.0443814055636896,"M2",1.29040897961118,0,"Peripheral nodes","k__Bacteria","p__Firmicutes","c__Bacilli","o__Lactobacillales","f__Lactobacillaceae","g__Lactobacillus","s__"
"OTU_3204","OTU_3204",3,1,0.0138787213274768,"M1",-0.84428482455669,0,"Peripheral nodes","k__Bacteria","p__Lentisphaerae","c__R76-B128","o__","f__","g__","s__"
"OTU_7378","OTU_7378",1,0,0.0160139092240117,"M5",-0.752564215033007,0,"Peripheral nodes","k__Bacteria","p__Acidobacteria","c__Holophagae","o__Subgroup 10","f__Sva0725","g__","s__"
"OTU_3283","OTU_3283",14,384,0.0198267447535383,"M1",0.173483183128087,0.0831758034026465,"Peripheral nodes","k__Bacteria","p__Chloroflexi","c__Anaerolineae","o__Anaerolineales","f__Anaerolineaceae","g__","s__"
"OTU_850","OTU_850",6,52,0.057192532942899,"M1",-0.566711731551751,0,"Peripheral nodes","k__Bacteria","p__Bacteroidetes","c__Cytophagia","o__Cytophagales","f__Cytophagaceae","g__Mangrovibacterium","s__"
"OTU_7456","OTU_7456",5,406,0.0192166910688141,"M3",0.0303355677592993,0,"Peripheral nodes","k__Bacteria","p__Acidobacteria","c__Subgroup 26","o__","f__","g__","s__"
"OTU_7333","OTU_7333",7,13,0.0291300634455832,"M1",-0.474187367216771,0.444444444444444,"Peripheral nodes","k__Bacteria","p__Proteobacteria","c__Gammaproteobacteria","o__Chromatiales","f__Ectothiorhodospiraceae","g__","s__"
"OTU_8150","OTU_8150",6,134,0.0196742313323572,"M1",-0.566711731551751,0.110726643598616,"Peripheral nodes","k__Bacteria","p__Proteobacteria","c__Gammaproteobacteria","o__Cellvibrionales","f__Halieaceae","g__","s__"
"OTU_3272","OTU_3272",2,11,0.0305026842362128,"M1",-0.936809188891669,0.277777777777778,"Peripheral nodes","k__Bacteria","p__Gemmatimonadetes","c__Gemmatimonadetes","o__PAUC43f marine benthic group","f__","g__","s__"
"OTU_3262","OTU_3262",5,739,0.0144887750122011,"M5",0.673346929240059,0,"Peripheral nodes","k__Bacteria","p__Acidobacteria","c__Holophagae","o__Subgroup 10","f__Sva0725","g__","s__"
"OTU_7632","OTU_7632",9,668,0.0303501708150317,"M1",-0.289138638546812,0.142011834319527,"Peripheral nodes","k__Bacteria","p__Chloroflexi","c__Anaerolineae","o__Anaerolineales","f__Anaerolineaceae","g__","s__"
"OTU_7364","OTU_7364",3,3,0.0552098584675451,"M1",-0.84428482455669,0,"Peripheral nodes","k__Bacteria","p__Actinobacteria","c__Acidimicrobiia","o__Acidimicrobiales","f__OM1 clade","g__","s__"
"OTU_2203","OTU_2203",6,366,0.016623962908736,"M3",0.215106753202304,0,"Peripheral nodes","k__Bacteria","p__Gemmatimonadetes","c__Gemmatimonadetes","o__BD2-11 terrestrial group","f__","g__","s__"
"OTU_3129","OTU_3129",12,207,0.0436188384577843,"M1",-0.0115655455418725,0,"Peripheral nodes","k__Bacteria","p__Acidobacteria","c__Holophagae","o__Subgroup 10","f__Sva0725","g__","s__"
"OTU_8222","OTU_8222",1,0,0.0196742313323572,"M18",-0.707106781186547,0,"Peripheral nodes","k__Bacteria","p__Proteobacteria","c__Epsilonproteobacteria","o__Campylobacterales","f__Helicobacteraceae","g__Sulfurovum","s__"
"OTU_3154","OTU_3154",20,837,0.0259272816007809,"M1",0.728629369137965,0,"Peripheral nodes","k__Bacteria","p__Chloroflexi","c__Anaerolineae","o__Anaerolineales","f__Anaerolineaceae","g__","s__"
"OTU_1843","OTU_1843",5,45,0.0390434358223524,"M3",0.0303355677592993,0,"Peripheral nodes","k__Bacteria","p__Proteobacteria","c__Gammaproteobacteria","o__KI89A clade","f__","g__","s__"
"OTU_2252","OTU_2252",23,136,0.016623962908736,"M2",0.0924361733245831,0,"Peripheral nodes","k__Bacteria","p__Actinobacteria","c__Acidimicrobiia","o__Acidimicrobiales","f__Acidimicrobiaceae","g__CL500-29 marine group","s__"
"OTU_1900","OTU_1900",16,1615,0.0161664226451928,"M1",0.358531911798046,0.5,"Peripheral nodes","k__Bacteria","p__Acidobacteria","c__Acidobacteria","o__Subgroup 21","f__","g__","s__"
"OTU_3188","OTU_3188",2,0,0.0205893118594436,"M1",-0.936809188891669,0.203017832647462,"Peripheral nodes","k__Bacteria","p__Verrucomicrobia","c__Spartobacteria","o__Chthoniobacterales","f__LD29","g__","s__"
"OTU_3211","OTU_3211",13,4,0.0154038555392875,"M2",-0.573104274612415,0,"Peripheral nodes","k__Bacteria","p__Verrucomicrobia","c__Opitutae","o__Opitutae vadinHA64","f__","g__","s__"
"OTU_360","OTU_360",26,1236,0.0248596876525134,"M2",0.292098307705682,0,"Peripheral nodes","k__Bacteria","p__Synergistetes","c__Synergistia","o__Synergistales","f__Synergistaceae","g__Thermovirga","s__"
"OTU_655","OTU_655",4,0,0.0219619326500732,"M2",-1.17209067775571,0,"Peripheral nodes","k__Bacteria","p__Proteobacteria","c__Deltaproteobacteria","o__Desulfovibrionales","f__Desulfovibrionaceae","g__Desulfovibrio","s__"
"OTU_7723","OTU_7723",8,11,0.0183016105417277,"M1",-0.381663002881791,0,"Peripheral nodes","k__Bacteria","p__Proteobacteria","c__Gammaproteobacteria","o__Xanthomonadales","f__Xanthomonadales Incertae Sedis","g__","s__"
"OTU_3352","OTU_3352",13,229,0.0204367984382626,"M1",0.0809588187931072,0,"Peripheral nodes","k__Bacteria","p__Bacteroidetes","c__Sphingobacteriia","o__Sphingobacteriales","f__WCHB1-69","g__","s__"
"OTU_1199","OTU_1199",1,0,0.0196742313323572,"M5",-0.752564215033007,0,"Peripheral nodes","k__Bacteria","p__Actinobacteria","c__Acidimicrobiia","o__Acidimicrobiales","f__OM1 clade","g__","s__"
"OTU_9506","OTU_9506",17,4,0.0219619326500732,"M2",-0.306888095437616,0,"Peripheral nodes","k__Bacteria","p__Firmicutes","c__Bacilli","o__Bacillales","f__Bacillaceae","g__Bacillus","s__"
"OTU_3222","OTU_3222",26,4,0.038128355295266,"M2",0.292098307705682,0,"Peripheral nodes","k__Bacteria","p__Firmicutes","c__Bacilli","o__Bacillales","f__Bacillaceae","g__Oceanobacillus","s__Oceanobacillus indicireducens"
"OTU_1912","OTU_1912",23,0,0.02150439238653,"M2",0.0924361733245831,0,"Peripheral nodes","k__Bacteria","p__Caldiserica","c__Caldisericia","o__Caldisericales","f__TTA-B1","g__","s__"
"OTU_3112","OTU_3112",7,19,0.0367557345046364,"M1",-0.474187367216771,0,"Peripheral nodes","k__Bacteria","p__Gemmatimonadetes","c__Gemmatimonadetes","o__PAUC43f marine benthic group","f__","g__","s__"
"OTU_1185","OTU_1185",46,3112,0.0655807711078575,"M2",1.62317920357968,0,"Peripheral nodes","k__Bacteria","p__Thermotogae","c__Thermotogae","o__Thermotogales","f__Thermotogaceae","g__EM3","s__"
"OTU_1892","OTU_1892",46,420,0.0655807711078575,"M2",1.62317920357968,0,"Peripheral nodes","k__Bacteria","p__Synergistetes","c__Synergistia","o__Synergistales","f__Synergistaceae","g__Anaerobaculum","s__"
"OTU_1914","OTU_1914",30,140,0.0201317715959004,"M2",0.558314486880481,0.489795918367347,"Peripheral nodes","k__Bacteria","p__Acetothermia","c__","o__","f__","g__","s__"
"OTU_7344","OTU_7344",8,30,0.0157088823816496,"M1",-0.381663002881791,0.462809917355372,"Peripheral nodes","k__Bacteria","p__Proteobacteria","c__Deltaproteobacteria","o__Syntrophobacterales","f__Syntrophaceae","g__Desulfobacca","s__"
"OTU_7670","OTU_7670",2,2,0.0140312347486579,"M1",-0.936809188891669,0,"Peripheral nodes","k__Bacteria","p__Latescibacteria","c__","o__","f__","g__","s__"
"OTU_1811","OTU_1811",16,13,0.0210468521229868,"M2",-0.373442140231315,0.5,"Peripheral nodes","k__Bacteria","p__Bacteroidetes","c__Sphingobacteriia","o__Sphingobacteriales","f__Chitinophagaceae","g__Ferruginibacter","s__"
"OTU_1826","OTU_1826",21,3965,0.0541422645192777,"M1",0.821153733472945,0,"Peripheral nodes","k__Bacteria","p__Chloroflexi","c__Anaerolineae","o__Anaerolineales","f__Anaerolineaceae","g__","s__"
"OTU_126","OTU_126",50,5832,0.258510248901903,"M2",1.88939538275448,0,"Peripheral nodes","k__Bacteria","p__Firmicutes","c__Bacilli","o__Bacillales","f__Bacillaceae","g__Lentibacillus","s__"
"OTU_902","OTU_902",43,112,0.11896046852123,"M2",1.42351706919858,0,"Peripheral nodes","k__Bacteria","p__Firmicutes","c__Bacilli","o__Bacillales","f__Bacillaceae","g__Oceanobacillus","s__"
"OTU_9207","OTU_9207",2,334,0.0399585163494387,"M23",0.707106781186547,0.0768,"Peripheral nodes","k__Bacteria","p__Bacteroidetes","c__Sphingobacteriia","o__Sphingobacteriales","f__Chitinophagaceae","g__Ferruginibacter","s__"
"OTU_351","OTU_351",49,883,0.0578025866276232,"M2",1.82284133796078,0,"Peripheral nodes","k__Bacteria","p__Proteobacteria","c__Alphaproteobacteria","o__Rhodospirillales","f__Acetobacteraceae","g__Acetobacter","s__"
"OTU_264","OTU_264",45,120,0.186828940946803,"M2",1.55662515878598,0.5,"Peripheral nodes","k__Bacteria","p__Firmicutes","c__Bacilli","o__Bacillales","f__Thermoactinomycetaceae","g__Kroppenstedtia","s__"
"OTU_7606","OTU_7606",8,67,0.0192166910688141,"M1",-0.381663002881791,0,"Peripheral nodes","k__Bacteria","p__Acidobacteria","c__Acidobacteria","o__Subgroup 6","f__","g__","s__"
"OTU_429","OTU_429",8,120,0.0561249389946315,"M1",-0.381663002881791,0,"Peripheral nodes","k__Bacteria","p__Chloroflexi","c__Anaerolineae","o__Anaerolineales","f__Anaerolineaceae","g__","s__"
"OTU_3118","OTU_3118",20,1625,0.0178440702781845,"M1",0.728629369137965,0,"Peripheral nodes","k__Bacteria","p__Proteobacteria","c__Deltaproteobacteria","o__Myxococcales","f__Sandaracinaceae","g__","s__"
"OTU_1820","OTU_1820",11,421,0.0396534895070766,"M1",-0.104089909876852,0,"Peripheral nodes","k__Bacteria","p__Chloroflexi","c__Anaerolineae","o__Anaerolineales","f__Anaerolineaceae","g__","s__"
"OTU_1173","OTU_1173",31,239,0.0305026842362128,"M2",0.624868531674181,0,"Peripheral nodes","k__Bacteria","p__Synergistetes","c__Synergistia","o__Synergistales","f__Synergistaceae","g__","s__"
"OTU_3337","OTU_3337",8,0,0.0176915568570034,"M2",-0.905874498580914,0,"Peripheral nodes","k__Bacteria","p__Bacteroidetes","c__Sphingobacteriia","o__Sphingobacteriales","f__Sphingobacteriaceae","g__Pedobacter","s__"
"OTU_7370","OTU_7370",3,112,0.0211993655441679,"M19",0.707106781186547,0.48,"Peripheral nodes","k__Bacteria","p__Acidobacteria","c__Holophagae","o__Subgroup 10","f__Sva0725","g__","s__"
"OTU_7594","OTU_7594",16,1137,0.0181490971205466,"M1",0.358531911798046,0.277777777777778,"Peripheral nodes","k__Bacteria","p__Chloroflexi","c__Anaerolineae","o__Anaerolineales","f__Anaerolineaceae","g__","s__"
"OTU_428","OTU_428",30,4323,0.156936310395315,"M2",0.558314486880481,0,"Peripheral nodes","k__Bacteria","p__Proteobacteria","c__Deltaproteobacteria","o__Desulfobacterales","f__Desulfobulbaceae","g__","s__"
"OTU_1866","OTU_1866",47,623,0.0517020497803807,"M2",1.68973324837338,0.5,"Peripheral nodes","k__Bacteria","p__Firmicutes","c__Clostridia","o__Thermoanaerobacterales","f__Thermodesulfobiaceae","g__Coprothermobacter","s__"
"OTU_1890","OTU_1890",3,6,0.0353831137140068,"M1",-0.84428482455669,0.48,"Peripheral nodes","k__Bacteria","p__Proteobacteria","c__Gammaproteobacteria","o__Cellvibrionales","f__Halieaceae","g__Haliea","s__"
"OTU_7395","OTU_7395",30,462,0.023792093704246,"M1",1.65387301248776,0,"Peripheral nodes","k__Bacteria","p__Chloroflexi","c__Anaerolineae","o__Anaerolineales","f__Anaerolineaceae","g__","s__"
"OTU_7330","OTU_7330",42,2568,0.0173865300146413,"M1",2.76416538450752,0.277777777777778,"Module hubs","k__Bacteria","p__Proteobacteria","c__Gammaproteobacteria","o__Xanthomonadales","f__JTB255 marine benthic group","g__","s__"
"OTU_1848","OTU_1848",41,64,0.0517020497803807,"M2",1.29040897961118,0,"Peripheral nodes","k__Bacteria","p__Firmicutes","c__Bacilli","o__Lactobacillales","f__Streptococcaceae","g__Lactococcus","s__"
"OTU_3285","OTU_3285",23,9,0.0240971205466081,"M2",0.0924361733245831,0,"Peripheral nodes","k__Bacteria","p__Firmicutes","c__Bacilli","o__Bacillales","f__Thermoactinomycetaceae","g__Kroppenstedtia","s__"
"OTU_3419","OTU_3419",17,11,0.0207418252806247,"M2",-0.306888095437616,0,"Peripheral nodes","k__Bacteria","p__Firmicutes","c__Bacilli","o__Bacillales","f__Bacillaceae","g__Bacillus","s__"
"OTU_1902","OTU_1902",17,267,0.0300451439726696,"M1",0.451056276133026,0,"Peripheral nodes","k__Bacteria","p__Proteobacteria","c__Alphaproteobacteria","o__Rhodospirillales","f__Rhodospirillaceae","g__Pelagibius","s__"
"OTU_8226","OTU_8226",19,429,0.0399585163494387,"M1",0.636105004802985,0.32,"Peripheral nodes","k__Bacteria","p__Chloroflexi","c__Anaerolineae","o__Anaerolineales","f__Anaerolineaceae","g__","s__"
"OTU_1204","OTU_1204",31,20,0.0233345534407028,"M2",0.624868531674181,0,"Peripheral nodes","k__Bacteria","p__Firmicutes","c__Bacilli","o__Bacillales","f__Bacillaceae","g__Bacillus","s__"
"OTU_7654","OTU_7654",22,1317,0.023944607125427,"M1",0.913678097807924,0,"Peripheral nodes","k__Bacteria","p__Proteobacteria","c__Gammaproteobacteria","o__Xanthomonadales","f__JTB255 marine benthic group","g__","s__"
"OTU_3197","OTU_3197",41,1028,0.0173865300146413,"M1",2.67164102017254,0.444444444444444,"Module hubs","k__Bacteria","p__Bacteroidetes","c__Cytophagia","o__Cytophagales","f__Cytophagaceae","g__Mangrovibacterium","s__"
"OTU_3311","OTU_3311",1,0,0.0163189360663738,"M5",-0.752564215033007,0.0867768595041323,"Peripheral nodes","k__Bacteria","p__Proteobacteria","c__Alphaproteobacteria","o__Rhodospirillales","f__Rhodospirillaceae","g__","s__"
"OTU_3137","OTU_3137",2,0,0.0184541239629087,"M19",-0.707106781186547,0.5,"Peripheral nodes","k__Bacteria","p__Bacteroidetes","c__Sphingobacteriia","o__Sphingobacteriales","f__Saprospiraceae","g__","s__"
"OTU_653","OTU_653",16,117,0.0202842850170815,"M1",0.358531911798046,0,"Peripheral nodes","k__Bacteria","p__Proteobacteria","c__Deltaproteobacteria","o__Desulfobacterales","f__Nitrospinaceae","g__","s__"
"OTU_1163","OTU_1163",41,1272,0.0320278184480234,"M1",2.67164102017254,0.152777777777778,"Module hubs","k__Bacteria","p__Proteobacteria","c__Epsilonproteobacteria","o__Campylobacterales","f__Helicobacteraceae","g__Sulfurovum","s__"
"OTU_1189","OTU_1189",7,475,0.0425512445095168,"M1",-0.474187367216771,0,"Peripheral nodes","k__Bacteria","p__Proteobacteria","c__Gammaproteobacteria","o__E01-9C-26 marine group","f__","g__","s__"
"OTU_8130","OTU_8130",3,0,0.0207418252806247,"M1",-0.84428482455669,0.095,"Peripheral nodes","k__Bacteria","p__Proteobacteria","c__Proteobacteria Incertae Sedis","o__","f__","g__Candidatus Thiobios","s__"
"OTU_1184","OTU_1184",26,16,0.0227244997559785,"M2",0.292098307705682,0,"Peripheral nodes","k__Bacteria","p__Acetothermia","c__","o__","f__","g__","s__"
"OTU_8206","OTU_8206",13,0,0.0157088823816496,"M2",-0.573104274612415,0,"Peripheral nodes","k__Bacteria","p__Synergistetes","c__Synergistia","o__Synergistales","f__Synergistaceae","g__Anaerobaculum","s__"
"OTU_666","OTU_666",1,0,0.0173865300146413,"M2",-1.37175281213681,0,"Peripheral nodes","k__Bacteria","p__Marinimicrobia (SAR406 clade)","c__","o__","f__","g__","s__"
"OTU_3344","OTU_3344",1,0,0.035688140556369,"M1",-1.02933355322665,0.32,"Peripheral nodes","k__Bacteria","p__Proteobacteria","c__Deltaproteobacteria","o__Desulfobacterales","f__Desulfobacteraceae","g__","s__"
"OTU_8019","OTU_8019",5,1085,0.0138787213274768,"M5",0.673346929240059,0,"Peripheral nodes","k__Bacteria","p__Bacteroidetes","c__Sphingobacteriia","o__Sphingobacteriales","f__Saprospiraceae","g__","s__"
"OTU_3329","OTU_3329",2,334,0.0181490971205466,"M18",0.707106781186547,0,"Peripheral nodes","k__Bacteria","p__Proteobacteria","c__Deltaproteobacteria","o__Desulfobacterales","f__Desulfobulbaceae","g__SEEP-SRB4","s__"
