"","z","module","p","taxa_roles","Kingdom","Phylum","Class","Order","Family","Genus","Species","degree","betweenness"
"OTU_50",-1.30519876734311,"M2",0,"Peripheral nodes","k__Bacteria","p__Proteobacteria","c__Betaproteobacteria","o__Burkholderiales","f__Comamonadaceae","g__","s__",2,0
"OTU_1",-0.0406719162628165,"M2",0,"Peripheral nodes","k__Bacteria","p__Firmicutes","c__Clostridia","o__Clostridiales","f__Clostridiaceae 1","g__Clostridium sensu stricto 13","s__",21,2
"OTU_55",-1.23864472254941,"M2",0,"Peripheral nodes","k__Bacteria","p__Acidobacteria","c__Acidobacteria","o__Subgroup 4","f__RB41","g__","s__",3,0
"OTU_13824",-0.240334050643916,"M2",0,"Peripheral nodes","k__Bacteria","p__Firmicutes","c__Clostridia","o__Clostridiales","f__Clostridiaceae 1","g__Clostridium sensu stricto 13","s__",18,8
"OTU_151",-1.37175281213681,"M2",0.444444444444444,"Peripheral nodes","k__Bacteria","p__Verrucomicrobia","c__Verrucomicrobiae","o__Verrucomicrobiales","f__Verrucomicrobiaceae","g__","s__",1,0
"OTU_4731",1.29040897961118,"M2",0,"Peripheral nodes","k__Bacteria","p__Firmicutes","c__Bacilli","o__Bacillales","f__Bacillaceae","g__Bacillus","s__",41,2782
"OTU_390",0.491760442086782,"M2",0,"Peripheral nodes","k__Bacteria","p__Bacteroidetes","c__Flavobacteriia","o__Flavobacteriales","f__Flavobacteriaceae","g__Flavobacterium","s__",29,178
"OTU_67",-0.972428543374613,"M2",0.476370510396975,"Peripheral nodes","k__Bacteria","p__Bacteroidetes","c__Cytophagia","o__Cytophagales","f__Cyclobacteriaceae","g__Algoriphagus","s__",7,12
"OTU_13463",-1.37175281213681,"M2",0,"Peripheral nodes","k__Bacteria","p__Bacteroidetes","c__Flavobacteriia","o__Flavobacteriales","f__Flavobacteriaceae","g__Flavobacterium","s__",1,0
"OTU_357",0.225544262911983,"M2",0.32,"Peripheral nodes","k__Bacteria","p__Proteobacteria","c__Betaproteobacteria","o__Burkholderiales","f__Comamonadaceae","g__","s__",25,3280
"OTU_189",-0.972428543374613,"M2",0,"Peripheral nodes","k__Bacteria","p__Proteobacteria","c__Betaproteobacteria","o__SC-I-84","f__","g__","s__",7,0
"OTU_71",-0.839320453787214,"M2",0,"Peripheral nodes","k__Bacteria","p__Chloroflexi","c__Ktedonobacteria","o__JG30-KF-AS9","f__","g__","s__",9,0
"OTU_9",-0.0406719162628165,"M2",0,"Peripheral nodes","k__Bacteria","p__Actinobacteria","c__Acidimicrobiia","o__Acidimicrobiales","f__Acidimicrobiaceae","g__Illumatobacter","s__",21,1010
"OTU_354",-0.639658319406115,"M2",0,"Peripheral nodes","k__Bacteria","p__Chloroflexi","c__Anaerolineae","o__Anaerolineales","f__Anaerolineaceae","g__","s__",12,0
"OTU_34",1.09074684523008,"M2",0,"Peripheral nodes","k__Bacteria","p__Firmicutes","c__Bacilli","o__Bacillales","f__Bacillaceae","g__Bacillus","s__",38,246
"OTU_447",-0.839320453787214,"M2",0.444444444444444,"Peripheral nodes","k__Bacteria","p__Bacteroidetes","c__Sphingobacteriia","o__Sphingobacteriales","f__Chitinophagaceae","g__Ferruginibacter","s__",9,1679
"OTU_340",-1.17209067775571,"M2",0,"Peripheral nodes","k__Bacteria","p__Proteobacteria","c__Alphaproteobacteria","o__Caulobacterales","f__Caulobacteraceae","g__Brevundimonas","s__",4,1320
"OTU_219",-1.23864472254941,"M2",0,"Peripheral nodes","k__Bacteria","p__Proteobacteria","c__Gammaproteobacteria","o__Xanthomonadales","f__Xanthomonadaceae","g__","s__",3,8
"OTU_3651",-0.839320453787214,"M2",0,"Peripheral nodes","k__Bacteria","p__Proteobacteria","c__Alphaproteobacteria","o__Caulobacterales","f__Caulobacteraceae","g__Brevundimonas","s__",9,71
"OTU_525",0.624868531674181,"M2",0,"Peripheral nodes","k__Bacteria","p__Proteobacteria","c__Betaproteobacteria","o__Burkholderiales","f__Comamonadaceae","g__","s__",31,389
"OTU_87",-0.506550229818715,"M2",0,"Peripheral nodes","k__Bacteria","p__Bacteroidetes","c__Flavobacteriia","o__Flavobacteriales","f__Flavobacteriaceae","g__Flavobacterium","s__",14,1352
"OTU_301",0.225544262911983,"M2",0,"Peripheral nodes","k__Bacteria","p__Proteobacteria","c__Deltaproteobacteria","o__Syntrophobacterales","f__Syntrophaceae","g__Smithella","s__",25,1366
"OTU_9901",-1.37175281213681,"M2",0,"Peripheral nodes","k__Bacteria","p__Bacteroidetes","c__Sphingobacteriia","o__Sphingobacteriales","f__Sphingobacteriaceae","g__Pedobacter","s__",1,0
"OTU_57",-0.639658319406115,"M2",0.345679012345679,"Peripheral nodes","k__Bacteria","p__Bacteroidetes","c__Sphingobacteriia","o__Sphingobacteriales","f__Sphingobacteriaceae","g__Pedobacter","s__",12,2549
"OTU_661",1.02419280043638,"M2",0.0475907198096371,"Peripheral nodes","k__Bacteria","p__Firmicutes","c__Bacilli","o__Bacillales","f__Staphylococcaceae","g__Staphylococcus","s__",37,1113
"OTU_1649",-1.17209067775571,"M2",0,"Peripheral nodes","k__Bacteria","p__Proteobacteria","c__Betaproteobacteria","o__Burkholderiales","f__Comamonadaceae","g__Polaromonas","s__",4,0
"OTU_7885",-0.772766408993514,"M2",0,"Peripheral nodes","k__Bacteria","p__Proteobacteria","c__Alphaproteobacteria","o__Sphingomonadales","f__Sphingomonadaceae","g__Sphingorhabdus","s__",10,4
"OTU_668",1.15730089002378,"M2",0,"Peripheral nodes","k__Archaea","p__Euryarchaeota","c__Methanobacteria","o__Methanobacteriales","f__Methanobacteriaceae","g__Methanothermobacter","s__",39,325
"OTU_1169",0.0924361733245831,"M2",0,"Peripheral nodes","k__Bacteria","p__Proteobacteria","c__Deltaproteobacteria","o__Syntrophobacterales","f__Syntrophaceae","g__Desulfomonile","s__",23,896
"OTU_1707",-1.30519876734311,"M2",0,"Peripheral nodes","k__Bacteria","p__Proteobacteria","c__Alphaproteobacteria","o__Sphingomonadales","f__Sphingomonadaceae","g__","s__",2,0
"OTU_659",-0.373442140231315,"M2",0,"Peripheral nodes","k__Bacteria","p__Proteobacteria","c__Alphaproteobacteria","o__Sphingomonadales","f__Sphingomonadaceae","g__Sphingopyxis","s__",16,226
"OTU_154",1.49007111399228,"M2",0,"Peripheral nodes","k__Bacteria","p__Proteobacteria","c__Betaproteobacteria","o__Burkholderiales","f__Comamonadaceae","g__","s__",44,530
"OTU_172",0.824530666055281,"M2",0,"Peripheral nodes","k__Bacteria","p__Chloroflexi","c__Anaerolineae","o__Anaerolineales","f__Anaerolineaceae","g__","s__",34,8415
"OTU_847",0.89108471084898,"M2",0,"Peripheral nodes","k__Bacteria","p__Proteobacteria","c__Alphaproteobacteria","o__Rhodospirillales","f__Rhodospirillaceae","g__Magnetospirillum","s__",35,406
"OTU_1243",0.225544262911983,"M2",0.48,"Peripheral nodes","k__Bacteria","p__Bacteroidetes","c__Cytophagia","o__Cytophagales","f__Cytophagaceae","g__Arcicella","s__",25,183
"OTU_438",-1.37175281213681,"M2",0,"Peripheral nodes","k__Bacteria","p__Bacteroidetes","c__Bacteroidetes BD2-2","o__","f__","g__","s__",1,0
"OTU_178",0.225544262911983,"M2",0.444444444444444,"Peripheral nodes","k__Bacteria","p__Bacteroidetes","c__Sphingobacteriia","o__Sphingobacteriales","f__Sphingobacteriaceae","g__Pedobacter","s__",25,2475
"OTU_626",-1.10553663296201,"M2",0.32,"Peripheral nodes","k__Bacteria","p__Bacteroidetes","c__Flavobacteriia","o__Flavobacteriales","f__Flavobacteriaceae","g__Flavobacterium","s__",5,0
"OTU_1901",0.491760442086782,"M2",0,"Peripheral nodes","k__Bacteria","p__Proteobacteria","c__Betaproteobacteria","o__Burkholderiales","f__Alcaligenaceae","g__GKS98 freshwater group","s__",29,29
"OTU_4",-1.30519876734311,"M2",0,"Peripheral nodes","k__Bacteria","p__Proteobacteria","c__Epsilonproteobacteria","o__Campylobacterales","f__Helicobacteraceae","g__Sulfurovum","s__",2,525
"OTU_874",0.824530666055281,"M2",0,"Peripheral nodes","k__Bacteria","p__Actinobacteria","c__Actinobacteria","o__Frankiales","f__Sporichthyaceae","g__hgcI clade","s__",34,25
"OTU_7403",-1.17209067775571,"M2",0,"Peripheral nodes","k__Bacteria","p__Actinobacteria","c__Actinobacteria","o__Pseudonocardiales","f__Pseudonocardiaceae","g__Saccharopolyspora","s__",4,0
"OTU_1891",0.89108471084898,"M2",0.0768,"Peripheral nodes","k__Bacteria","p__Firmicutes","c__Bacilli","o__Bacillales","f__Bacillaceae","g__Bacillus","s__",35,20
"OTU_266",1.22385493481748,"M2",0,"Peripheral nodes","k__Bacteria","p__Spirochaetae","c__Spirochaetes","o__Spirochaetales","f__Spirochaetaceae","g__","s__",40,700
"OTU_650",-1.23864472254941,"M2",0,"Peripheral nodes","k__Bacteria","p__Chloroflexi","c__Anaerolineae","o__Anaerolineales","f__Anaerolineaceae","g__","s__",3,0
"OTU_1897",1.29040897961118,"M2",0,"Peripheral nodes","k__Bacteria","p__Firmicutes","c__Bacilli","o__Lactobacillales","f__Lactobacillaceae","g__Lactobacillus","s__",41,74
"OTU_2252",0.0924361733245831,"M2",0,"Peripheral nodes","k__Bacteria","p__Actinobacteria","c__Acidimicrobiia","o__Acidimicrobiales","f__Acidimicrobiaceae","g__CL500-29 marine group","s__",23,136
"OTU_3211",-0.573104274612415,"M2",0,"Peripheral nodes","k__Bacteria","p__Verrucomicrobia","c__Opitutae","o__Opitutae vadinHA64","f__","g__","s__",13,4
"OTU_360",0.292098307705682,"M2",0,"Peripheral nodes","k__Bacteria","p__Synergistetes","c__Synergistia","o__Synergistales","f__Synergistaceae","g__Thermovirga","s__",26,1236
"OTU_655",-1.17209067775571,"M2",0,"Peripheral nodes","k__Bacteria","p__Proteobacteria","c__Deltaproteobacteria","o__Desulfovibrionales","f__Desulfovibrionaceae","g__Desulfovibrio","s__",4,0
"OTU_9506",-0.306888095437616,"M2",0,"Peripheral nodes","k__Bacteria","p__Firmicutes","c__Bacilli","o__Bacillales","f__Bacillaceae","g__Bacillus","s__",17,4
"OTU_3222",0.292098307705682,"M2",0,"Peripheral nodes","k__Bacteria","p__Firmicutes","c__Bacilli","o__Bacillales","f__Bacillaceae","g__Oceanobacillus","s__Oceanobacillus indicireducens",26,4
"OTU_1912",0.0924361733245831,"M2",0,"Peripheral nodes","k__Bacteria","p__Caldiserica","c__Caldisericia","o__Caldisericales","f__TTA-B1","g__","s__",23,0
"OTU_1185",1.62317920357968,"M2",0,"Peripheral nodes","k__Bacteria","p__Thermotogae","c__Thermotogae","o__Thermotogales","f__Thermotogaceae","g__EM3","s__",46,3112
"OTU_1892",1.62317920357968,"M2",0,"Peripheral nodes","k__Bacteria","p__Synergistetes","c__Synergistia","o__Synergistales","f__Synergistaceae","g__Anaerobaculum","s__",46,420
"OTU_1914",0.558314486880481,"M2",0.489795918367347,"Peripheral nodes","k__Bacteria","p__Acetothermia","c__","o__","f__","g__","s__",30,140
"OTU_1811",-0.373442140231315,"M2",0.5,"Peripheral nodes","k__Bacteria","p__Bacteroidetes","c__Sphingobacteriia","o__Sphingobacteriales","f__Chitinophagaceae","g__Ferruginibacter","s__",16,13
"OTU_126",1.88939538275448,"M2",0,"Peripheral nodes","k__Bacteria","p__Firmicutes","c__Bacilli","o__Bacillales","f__Bacillaceae","g__Lentibacillus","s__",50,5832
"OTU_902",1.42351706919858,"M2",0,"Peripheral nodes","k__Bacteria","p__Firmicutes","c__Bacilli","o__Bacillales","f__Bacillaceae","g__Oceanobacillus","s__",43,112
"OTU_351",1.82284133796078,"M2",0,"Peripheral nodes","k__Bacteria","p__Proteobacteria","c__Alphaproteobacteria","o__Rhodospirillales","f__Acetobacteraceae","g__Acetobacter","s__",49,883
"OTU_264",1.55662515878598,"M2",0.5,"Peripheral nodes","k__Bacteria","p__Firmicutes","c__Bacilli","o__Bacillales","f__Thermoactinomycetaceae","g__Kroppenstedtia","s__",45,120
"OTU_1173",0.624868531674181,"M2",0,"Peripheral nodes","k__Bacteria","p__Synergistetes","c__Synergistia","o__Synergistales","f__Synergistaceae","g__","s__",31,239
"OTU_3337",-0.905874498580914,"M2",0,"Peripheral nodes","k__Bacteria","p__Bacteroidetes","c__Sphingobacteriia","o__Sphingobacteriales","f__Sphingobacteriaceae","g__Pedobacter","s__",8,0
"OTU_428",0.558314486880481,"M2",0,"Peripheral nodes","k__Bacteria","p__Proteobacteria","c__Deltaproteobacteria","o__Desulfobacterales","f__Desulfobulbaceae","g__","s__",30,4323
"OTU_1866",1.68973324837338,"M2",0.5,"Peripheral nodes","k__Bacteria","p__Firmicutes","c__Clostridia","o__Thermoanaerobacterales","f__Thermodesulfobiaceae","g__Coprothermobacter","s__",47,623
"OTU_1848",1.29040897961118,"M2",0,"Peripheral nodes","k__Bacteria","p__Firmicutes","c__Bacilli","o__Lactobacillales","f__Streptococcaceae","g__Lactococcus","s__",41,64
"OTU_3285",0.0924361733245831,"M2",0,"Peripheral nodes","k__Bacteria","p__Firmicutes","c__Bacilli","o__Bacillales","f__Thermoactinomycetaceae","g__Kroppenstedtia","s__",23,9
"OTU_3419",-0.306888095437616,"M2",0,"Peripheral nodes","k__Bacteria","p__Firmicutes","c__Bacilli","o__Bacillales","f__Bacillaceae","g__Bacillus","s__",17,11
"OTU_1204",0.624868531674181,"M2",0,"Peripheral nodes","k__Bacteria","p__Firmicutes","c__Bacilli","o__Bacillales","f__Bacillaceae","g__Bacillus","s__",31,20
"OTU_1184",0.292098307705682,"M2",0,"Peripheral nodes","k__Bacteria","p__Acetothermia","c__","o__","f__","g__","s__",26,16
"OTU_8206",-0.573104274612415,"M2",0,"Peripheral nodes","k__Bacteria","p__Synergistetes","c__Synergistia","o__Synergistales","f__Synergistaceae","g__Anaerobaculum","s__",13,0
"OTU_666",-1.37175281213681,"M2",0,"Peripheral nodes","k__Bacteria","p__Marinimicrobia (SAR406 clade)","c__","o__","f__","g__","s__",1,0
"OTU_305",1.11803398874989,"M8",0,"Peripheral nodes","k__Bacteria","p__Proteobacteria","c__Deltaproteobacteria","o__Syntrophobacterales","f__Syntrophaceae","g__Syntrophus","s__",3,4
"OTU_3303",1.11803398874989,"M8",0,"Peripheral nodes","k__Bacteria","p__Bacteroidetes","c__Bacteroidetes vadinHA17","o__","f__","g__","s__",3,6
"OTU_12",0,"M8",0,"Peripheral nodes","k__Bacteria","p__Bacteroidetes","c__Bacteroidetes vadinHA17","o__","f__","g__","s__",2,4
"OTU_578",-1.11803398874989,"M8",0,"Peripheral nodes","k__Bacteria","p__Bacteroidetes","c__Bacteroidetes vadinHA17","o__","f__","g__","s__",1,0
"OTU_2564",-1.11803398874989,"M8",0,"Peripheral nodes","k__Bacteria","p__Proteobacteria","c__Deltaproteobacteria","o__Syntrophobacterales","f__Syntrophaceae","g__Syntrophus","s__",1,0
"OTU_30",0,"M8",0,"Peripheral nodes","k__Bacteria","p__Bacteroidetes","c__Sphingobacteriia","o__Sphingobacteriales","f__WCHB1-69","g__","s__",2,0
"OTU_41",-0.577350269189626,"M14",0,"Peripheral nodes","k__Bacteria","p__Actinobacteria","c__Actinobacteria","o__PeM15","f__","g__","s__",1,0
"OTU_84",-0.577350269189626,"M14",0.37037037037037,"Peripheral nodes","k__Bacteria","p__Actinobacteria","c__Acidimicrobiia","o__Acidimicrobiales","f__Acidimicrobiaceae","g__Illumatobacter","s__",1,0
"OTU_117",1.15470053837925,"M14",0,"Peripheral nodes","k__Bacteria","p__Chlorobi","c__Ignavibacteria","o__Ignavibacteriales","f__PHOS-HE36","g__","s__",3,667
"OTU_59",0.77709281262705,"M6",0,"Peripheral nodes","k__Bacteria","p__Bacteroidetes","c__Bacteroidia","o__Bacteroidia Incertae Sedis","f__Draconibacteriaceae","g__","s__",3,2306
"OTU_78",-0.111013258946721,"M6",0,"Peripheral nodes","k__Bacteria","p__Verrucomicrobia","c__Verrucomicrobiae","o__Verrucomicrobiales","f__Verrucomicrobiaceae","g__","s__",2,334
"OTU_165",-0.111013258946721,"M6",0.375,"Peripheral nodes","k__Bacteria","p__Chloroflexi","c__Anaerolineae","o__Anaerolineales","f__Anaerolineaceae","g__Anaerolinea","s__",2,0
"OTU_349",-0.999119330520493,"M6",0,"Peripheral nodes","k__Bacteria","p__Verrucomicrobia","c__Verrucomicrobiae","o__Verrucomicrobiales","f__Verrucomicrobiaceae","g__Luteolibacter","s__",1,0
"OTU_3500",0.77709281262705,"M6",0,"Peripheral nodes","k__Bacteria","p__Bacteroidetes","c__Sphingobacteriia","o__Sphingobacteriales","f__WCHB1-69","g__","s__",3,334
"OTU_702",-0.999119330520493,"M6",0.489795918367347,"Peripheral nodes","k__Bacteria","p__Chloroflexi","c__Anaerolineae","o__Anaerolineales","f__Anaerolineaceae","g__Anaerolinea","s__",1,0
"OTU_943",1.66519888420082,"M6",0,"Peripheral nodes","k__Bacteria","p__Bacteroidetes","c__Sphingobacteriia","o__Sphingobacteriales","f__WCHB1-69","g__","s__",4,1327
"OTU_3727",-0.999119330520493,"M6",0.231111111111111,"Peripheral nodes","k__Bacteria","p__Bacteroidetes","c__Bacteroidetes vadinHA17","o__","f__","g__","s__",1,0
"OTU_4050",-0.295393520039156,"M4",0.444444444444444,"Peripheral nodes","k__Bacteria","p__Acidobacteria","c__Acidobacteria","o__Subgroup 15","f__","g__","s__",2,4
"OTU_2562",-0.704399932401065,"M4",0,"Peripheral nodes","k__Bacteria","p__Actinobacteria","c__Thermoleophilia","o__Gaiellales","f__","g__","s__",1,0
"OTU_5867",1.34063212940848,"M4",0.58,"Peripheral nodes","k__Bacteria","p__Acidobacteria","c__Acidobacteria","o__Acidobacteriales","f__Acidobacteriaceae (Subgroup 1)","g__Candidatus Koribacter","s__",6,173
"OTU_1496",0.113612892322752,"M4",0,"Peripheral nodes","k__Bacteria","p__Acidobacteria","c__Acidobacteria","o__Acidobacteriales","f__Acidobacteriaceae (Subgroup 1)","g__","s__",3,98
"OTU_1283",-0.295393520039156,"M4",0,"Peripheral nodes","k__Bacteria","p__Acidobacteria","c__Acidobacteria","o__Acidobacteriales","f__Acidobacteriaceae (Subgroup 1)","g__Candidatus Koribacter","s__",2,34
"OTU_2548",1.34063212940848,"M4",0,"Peripheral nodes","k__Bacteria","p__Actinobacteria","c__Thermoleophilia","o__Gaiellales","f__","g__","s__",6,183
"OTU_1623",-0.704399932401065,"M4",0,"Peripheral nodes","k__Bacteria","p__Proteobacteria","c__Gammaproteobacteria","o__Xanthomonadales","f__Xanthomonadales Incertae Sedis","g__Acidibacter","s__",1,0
"OTU_3756",-0.704399932401065,"M4",0.197530864197531,"Peripheral nodes","k__Bacteria","p__Actinobacteria","c__Thermoleophilia","o__Gaiellales","f__","g__","s__",1,0
"OTU_2005",-0.704399932401065,"M4",0,"Peripheral nodes","k__Bacteria","p__Chloroflexi","c__KD4-96","o__","f__","g__","s__",1,0
"OTU_1360",0.522619304684661,"M4",0,"Peripheral nodes","k__Bacteria","p__Acidobacteria","c__Acidobacteria","o__Subgroup 3","f__","g__Bryobacter","s__",4,47
"OTU_1297",-0.704399932401065,"M4",0,"Peripheral nodes","k__Bacteria","p__Chloroflexi","c__KD4-96","o__","f__","g__","s__",1,0
"OTU_280",0.113612892322752,"M4",0,"Peripheral nodes","k__Bacteria","p__Acidobacteria","c__Acidobacteria","o__Acidobacteriales","f__Acidobacteriaceae (Subgroup 1)","g__","s__",3,60
"OTU_2690",-0.704399932401065,"M4",0,"Peripheral nodes","k__Bacteria","p__Actinobacteria","c__Thermoleophilia","o__Gaiellales","f__","g__","s__",1,0
"OTU_984",-0.704399932401065,"M4",0,"Peripheral nodes","k__Bacteria","p__Chloroflexi","c__Anaerolineae","o__Anaerolineales","f__Anaerolineaceae","g__","s__",1,0
"OTU_10337",-0.295393520039156,"M4",0,"Peripheral nodes","k__Bacteria","p__Chloroflexi","c__Anaerolineae","o__Anaerolineales","f__Anaerolineaceae","g__","s__",2,2
"OTU_3545",3.79467060357993,"M4",0,"Module hubs","k__Bacteria","p__Proteobacteria","c__Alphaproteobacteria","o__Rhodospirillales","f__Acetobacteraceae","g__","s__",12,297
"OTU_1368",0.113612892322752,"M4",0,"Peripheral nodes","k__Bacteria","p__Acidobacteria","c__Acidobacteria","o__Acidobacteriales","f__Acidobacteriaceae (Subgroup 1)","g__","s__",3,36
"OTU_489",-0.295393520039156,"M4",0,"Peripheral nodes","k__Bacteria","p__Acidobacteria","c__Acidobacteria","o__Subgroup 2","f__","g__","s__",2,30
"OTU_3508",0.93162571704657,"M4",0,"Peripheral nodes","k__Bacteria","p__Actinobacteria","c__Acidimicrobiia","o__Acidimicrobiales","f__","g__","s__",5,34
"OTU_7205",0.113612892322752,"M4",0.5,"Peripheral nodes","k__Bacteria","p__Elusimicrobia","c__Elusimicrobia","o__Lineage IIa","f__","g__","s__",3,9
"OTU_2361",-0.704399932401065,"M4",0.5,"Peripheral nodes","k__Bacteria","p__Acidobacteria","c__Acidobacteria","o__Subgroup 3","f__","g__Bryobacter","s__",1,0
"OTU_1277",0.113612892322752,"M4",0,"Peripheral nodes","k__Bacteria","p__Verrucomicrobia","c__S-BQ2-57 soil group","o__","f__","g__","s__",3,34
"OTU_3597",-0.295393520039156,"M4",0,"Peripheral nodes","k__Bacteria","p__Chloroflexi","c__Anaerolineae","o__Anaerolineales","f__Anaerolineaceae","g__","s__",2,0
"OTU_6465",-0.704399932401065,"M4",0,"Peripheral nodes","k__Bacteria","p__Planctomycetes","c__Planctomycetacia","o__Planctomycetales","f__Planctomycetaceae","g__Planctomyces","s__",1,0
"OTU_6485",0.113612892322752,"M4",0,"Peripheral nodes","k__Bacteria","p__Chloroflexi","c__JG37-AG-4","o__","f__","g__","s__",3,94
"OTU_1632",-0.704399932401065,"M4",0,"Peripheral nodes","k__Bacteria","p__Chlorobi","c__Ignavibacteria","o__Ignavibacteriales","f__BSV26","g__","s__",1,0
"OTU_11307",-0.295393520039156,"M4",0,"Peripheral nodes","k__Bacteria","p__Actinobacteria","c__Thermoleophilia","o__Gaiellales","f__","g__","s__",2,34
"OTU_3522",1.74963854177039,"M4",0.244897959183674,"Peripheral nodes","k__Bacteria","p__Acidobacteria","c__Acidobacteria","o__Subgroup 3","f__","g__Bryobacter","s__",7,48
"OTU_657",-0.704399932401065,"M4",0,"Peripheral nodes","k__Bacteria","p__Acidobacteria","c__Acidobacteria","o__Subgroup 3","f__","g__Bryobacter","s__",1,0
"OTU_2003",2.1586449541323,"M4",0.13265306122449,"Peripheral nodes","k__Bacteria","p__Chloroflexi","c__TK10","o__","f__","g__","s__",8,162
"OTU_6200",-0.704399932401065,"M4",0,"Peripheral nodes","k__Bacteria","p__Acidobacteria","c__Acidobacteria","o__Subgroup 6","f__","g__","s__",1,0
"OTU_2240",-0.704399932401065,"M4",0,"Peripheral nodes","k__Bacteria","p__Acidobacteria","c__Acidobacteria","o__Subgroup 3","f__","g__Candidatus Solibacter","s__",1,0
"OTU_2274",-0.704399932401065,"M4",0,"Peripheral nodes","k__Bacteria","p__Chloroflexi","c__Gitt-GS-136","o__","f__","g__","s__",1,0
"OTU_12238",-0.295393520039156,"M4",0,"Peripheral nodes","k__Bacteria","p__Acidobacteria","c__Acidobacteria","o__Subgroup 2","f__","g__","s__",2,6
"OTU_4036",-0.704399932401065,"M4",0,"Peripheral nodes","k__Bacteria","p__Chloroflexi","c__Anaerolineae","o__Anaerolineales","f__Anaerolineaceae","g__","s__",1,0
"OTU_11045",0.113612892322752,"M4",0,"Peripheral nodes","k__Bacteria","p__Acidobacteria","c__Acidobacteria","o__Acidobacteriales","f__Acidobacteriaceae (Subgroup 1)","g__Candidatus Koribacter","s__",3,11
"OTU_4147",3.35621690573339,"M3",0.444444444444444,"Module hubs","k__Bacteria","p__Proteobacteria","c__Gammaproteobacteria","o__Cellvibrionales","f__Halieaceae","g__Halioglobus","s__",23,2412
"OTU_109",0.769420309531319,"M3",0,"Peripheral nodes","k__Bacteria","p__Proteobacteria","c__Alphaproteobacteria","o__Rhizobiales","f__Rhodobiaceae","g__Anderseniella","s__",9,273
"OTU_220",0.0303355677592993,"M3",0,"Peripheral nodes","k__Bacteria","p__Proteobacteria","c__Gammaproteobacteria","o__Order Incertae Sedis","f__Family Incertae Sedis","g__Marinicella","s__",5,6
"OTU_11",-0.70874917401272,"M3",0,"Peripheral nodes","k__Bacteria","p__Proteobacteria","c__Epsilonproteobacteria","o__Campylobacterales","f__Helicobacteraceae","g__Sulfurovum","s__",1,0
"OTU_1349",-0.70874917401272,"M3",0,"Peripheral nodes","k__Bacteria","p__Proteobacteria","c__Gammaproteobacteria","o__Order Incertae Sedis","f__Family Incertae Sedis","g__Marinicella","s__",1,0
"OTU_1816",0.0303355677592993,"M3",0,"Peripheral nodes","k__Bacteria","p__Proteobacteria","c__Deltaproteobacteria","o__Desulfobacterales","f__Desulfobulbaceae","g__Desulfobulbus","s__",5,342
"OTU_7991",-0.33920680312671,"M3",0,"Peripheral nodes","k__Bacteria","p__Acidobacteria","c__Holophagae","o__Subgroup 10","f__ABS-19","g__","s__",3,346
"OTU_853",-0.70874917401272,"M3",0,"Peripheral nodes","k__Bacteria","p__Bacteroidetes","c__Flavobacteriia","o__Flavobacteriales","f__Flavobacteriaceae","g__","s__",1,0
"OTU_1895",0.399877938645309,"M3",0,"Peripheral nodes","k__Bacteria","p__Bacteroidetes","c__Flavobacteriia","o__Flavobacteriales","f__Flavobacteriaceae","g__Robiginitalea","s__",7,31
"OTU_381",0.584649124088314,"M3",0,"Peripheral nodes","k__Bacteria","p__Proteobacteria","c__Gammaproteobacteria","o__Xanthomonadales","f__JTB255 marine benthic group","g__","s__",8,64
"OTU_212",-0.33920680312671,"M3",0.152777777777778,"Peripheral nodes","k__Bacteria","p__Bacteroidetes","c__Flavobacteriia","o__Flavobacteriales","f__Flavobacteriaceae","g__Imtechella","s__",3,342
"OTU_1836",-0.523977988569715,"M3",0.260355029585799,"Peripheral nodes","k__Bacteria","p__Proteobacteria","c__Alphaproteobacteria","o__Sphingomonadales","f__Erythrobacteraceae","g__Altererythrobacter","s__",2,0
"OTU_45",-0.523977988569715,"M3",0.5,"Peripheral nodes","k__Bacteria","p__Proteobacteria","c__Deltaproteobacteria","o__43F-1404R","f__","g__","s__",2,15
"OTU_841",-0.33920680312671,"M3",0,"Peripheral nodes","k__Bacteria","p__Chloroflexi","c__S085","o__","f__","g__","s__",3,28
"OTU_6413",-0.70874917401272,"M3",0,"Peripheral nodes","k__Bacteria","p__Proteobacteria","c__Alphaproteobacteria","o__Rhodobacterales","f__Rhodobacteraceae","g__Yangia","s__",1,0
"OTU_1814",-0.70874917401272,"M3",0,"Peripheral nodes","k__Bacteria","p__Actinobacteria","c__Acidimicrobiia","o__Acidimicrobiales","f__OM1 clade","g__","s__",1,0
"OTU_4348",-0.70874917401272,"M3",0,"Peripheral nodes","k__Bacteria","p__Chloroflexi","c__KD4-96","o__","f__","g__","s__",1,0
"OTU_1831",0.954191494974323,"M3",0,"Peripheral nodes","k__Bacteria","p__Acidobacteria","c__Acidobacteria","o__Subgroup 6","f__","g__","s__",10,1182
"OTU_1859",-0.523977988569715,"M3",0.120707596253902,"Peripheral nodes","k__Bacteria","p__Bacteroidetes","c__Bacteroidetes BD2-2","o__","f__","g__","s__",2,666
"OTU_425",-0.33920680312671,"M3",0,"Peripheral nodes","k__Bacteria","p__Bacteroidetes","c__Cytophagia","o__Cytophagales","f__Flammeovirgaceae","g__","s__",3,352
"OTU_1194",-0.70874917401272,"M3",0,"Peripheral nodes","k__Bacteria","p__Proteobacteria","c__Epsilonproteobacteria","o__Campylobacterales","f__Helicobacteraceae","g__Sulfurovum","s__",1,0
"OTU_7557",0.399877938645309,"M3",0,"Peripheral nodes","k__Bacteria","p__Bacteroidetes","c__Bacteroidetes BD2-2","o__","f__","g__","s__",7,745
"OTU_967",-0.33920680312671,"M3",0,"Peripheral nodes","k__Bacteria","p__Proteobacteria","c__Alphaproteobacteria","o__Rhodobacterales","f__Rhodobacteraceae","g__","s__",3,5
"OTU_938",-0.33920680312671,"M3",0.444444444444444,"Peripheral nodes","k__Bacteria","p__Proteobacteria","c__Alphaproteobacteria","o__Rhodobacterales","f__Rhodobacteraceae","g__","s__",3,667
"OTU_12339",-0.523977988569715,"M3",0,"Peripheral nodes","k__Bacteria","p__Chloroflexi","c__Anaerolineae","o__Anaerolineales","f__Anaerolineaceae","g__","s__",2,0
"OTU_3116",-0.523977988569715,"M3",0,"Peripheral nodes","k__Bacteria","p__Verrucomicrobia","c__Verrucomicrobiae","o__Verrucomicrobiales","f__Verrucomicrobiaceae","g__","s__",2,13
"OTU_3306",-0.70874917401272,"M3",0,"Peripheral nodes","k__Bacteria","p__Proteobacteria","c__","o__","f__","g__","s__",1,0
"OTU_265",1.50850505130334,"M3",0.291666666666667,"Peripheral nodes","k__Bacteria","p__Proteobacteria","c__Gammaproteobacteria","o__Xanthomonadales","f__JTB255 marine benthic group","g__","s__",13,1463
"OTU_3164",-0.523977988569715,"M3",0,"Peripheral nodes","k__Bacteria","p__Proteobacteria","c__Alphaproteobacteria","o__Sphingomonadales","f__Erythrobacteraceae","g__Croceicoccus","s__",2,0
"OTU_713",-0.523977988569715,"M3",0.489795918367347,"Peripheral nodes","k__Bacteria","p__SHA-109","c__","o__","f__","g__","s__",2,0
"OTU_944",-0.70874917401272,"M3",0,"Peripheral nodes","k__Bacteria","p__Proteobacteria","c__Alphaproteobacteria","o__Rhodobacterales","f__Rhodobacteraceae","g__Leisingera","s__",1,0
"OTU_1823",-0.33920680312671,"M3",0.32,"Peripheral nodes","k__Bacteria","p__Proteobacteria","c__Gammaproteobacteria","o__Cellvibrionales","f__Halieaceae","g__Haliea","s__",3,45
"OTU_107",0.399877938645309,"M3",0.244897959183674,"Peripheral nodes","k__Bacteria","p__Bacteroidetes","c__Flavobacteriia","o__Flavobacteriales","f__Flavobacteriaceae","g__Robiginitalea","s__",7,487
"OTU_8174",0.215106753202304,"M3",0,"Peripheral nodes","k__Bacteria","p__Proteobacteria","c__Alphaproteobacteria","o__Rhizobiales","f__Hyphomicrobiaceae","g__Filomicrobium","s__",6,1018
"OTU_8187",-0.33920680312671,"M3",0,"Peripheral nodes","k__Bacteria","p__Proteobacteria","c__Alphaproteobacteria","o__Rhodobacterales","f__Rhodobacteraceae","g__","s__",3,14
"OTU_7415",0.584649124088314,"M3",0,"Peripheral nodes","k__Bacteria","p__Proteobacteria","c__Gammaproteobacteria","o__Xanthomonadales","f__JTB255 marine benthic group","g__","s__",8,550
"OTU_7648",0.399877938645309,"M3",0,"Peripheral nodes","k__Bacteria","p__Proteobacteria","c__Gammaproteobacteria","o__Xanthomonadales","f__JTB255 marine benthic group","g__","s__",7,207
"OTU_2211",-0.70874917401272,"M3",0,"Peripheral nodes","k__Bacteria","p__Proteobacteria","c__Deltaproteobacteria","o__Desulfobacterales","f__Desulfobulbaceae","g__Desulfobulbus","s__",1,0
"OTU_3139",-0.523977988569715,"M3",0,"Peripheral nodes","k__Bacteria","p__Chloroflexi","c__Anaerolineae","o__Anaerolineales","f__Anaerolineaceae","g__Anaerolinea","s__",2,0
"OTU_1812",-0.33920680312671,"M3",0,"Peripheral nodes","k__Bacteria","p__Proteobacteria","c__Deltaproteobacteria","o__Desulfuromonadales","f__","g__","s__",3,16
"OTU_2784",0.584649124088314,"M3",0,"Peripheral nodes","k__Bacteria","p__Proteobacteria","c__Alphaproteobacteria","o__Rhodobacterales","f__Rhodobacteraceae","g__Thioclava","s__",8,969
"OTU_1854",-0.523977988569715,"M3",0,"Peripheral nodes","k__Bacteria","p__Proteobacteria","c__Alphaproteobacteria","o__Rhodobacterales","f__Rhodobacteraceae","g__","s__",2,2
"OTU_426",0.769420309531319,"M3",0,"Peripheral nodes","k__Bacteria","p__Acidobacteria","c__Acidobacteria","o__Subgroup 4","f__","g__Blastocatella","s__",9,642
"OTU_3712",1.87804742218935,"M3",0,"Peripheral nodes","k__Bacteria","p__SHA-109","c__","o__","f__","g__","s__",15,1325
"OTU_1858",1.13896268041733,"M3",0.417355371900826,"Peripheral nodes","k__Bacteria","p__Planctomycetes","c__Planctomycetacia","o__Planctomycetales","f__Planctomycetaceae","g__Rubripirellula","s__",11,781
"OTU_2358",-0.70874917401272,"M3",0,"Peripheral nodes","k__Bacteria","p__Chloroflexi","c__Anaerolineae","o__Anaerolineales","f__Anaerolineaceae","g__","s__",1,0
"OTU_8256",-0.70874917401272,"M3",0,"Peripheral nodes","k__Bacteria","p__Bacteroidetes","c__Flavobacteriia","o__Flavobacteriales","f__Flavobacteriaceae","g__Muriicola","s__",1,0
"OTU_10525",-0.523977988569715,"M3",0.571428571428571,"Peripheral nodes","k__Bacteria","p__Proteobacteria","c__Alphaproteobacteria","o__Rhodobacterales","f__Rhodobacteraceae","g__","s__",2,27
"OTU_1869",-0.33920680312671,"M3",0,"Peripheral nodes","k__Bacteria","p__Acidobacteria","c__Acidobacteria","o__Subgroup 3","f__PAUC26f","g__","s__",3,2
"OTU_3321",0.0303355677592993,"M3",0,"Peripheral nodes","k__Bacteria","p__Acidobacteria","c__Acidobacteria","o__Subgroup 17","f__","g__","s__",5,741
"OTU_7541",0.584649124088314,"M3",0,"Peripheral nodes","k__Bacteria","p__Acidobacteria","c__Acidobacteria","o__Subgroup 18","f__","g__","s__",8,230
"OTU_3101",-0.70874917401272,"M3",0.408163265306122,"Peripheral nodes","k__Bacteria","p__Proteobacteria","c__Alphaproteobacteria","o__Rhodobacterales","f__Rhodobacteraceae","g__","s__",1,0
"OTU_1397",-0.523977988569715,"M3",0,"Peripheral nodes","k__Bacteria","p__Proteobacteria","c__Gammaproteobacteria","o__Alteromonadales","f__Shewanellaceae","g__Shewanella","s__",2,334
"OTU_1885",5.38869994560644,"M3",0.191326530612245,"Module hubs","k__Bacteria","p__Planctomycetes","c__Planctomycetacia","o__Planctomycetales","f__Planctomycetaceae","g__Rubripirellula","s__",34,4192
"OTU_733",0.584649124088314,"M3",0.0831758034026465,"Peripheral nodes","k__Bacteria","p__Acidobacteria","c__Acidobacteria","o__Subgroup 21","f__","g__","s__",8,732
"OTU_1832",0.954191494974323,"M3",0,"Peripheral nodes","k__Bacteria","p__Acidobacteria","c__Acidobacteria","o__Subgroup 9","f__","g__","s__",10,478
"OTU_1827",-0.523977988569715,"M3",0.197530864197531,"Peripheral nodes","k__Bacteria","p__Planctomycetes","c__Planctomycetacia","o__Planctomycetales","f__Planctomycetaceae","g__Planctomyces","s__",2,996
"OTU_4531",-0.33920680312671,"M3",0,"Peripheral nodes","k__Bacteria","p__Acidobacteria","c__Acidobacteria","o__Subgroup 17","f__","g__","s__",3,25
"OTU_8360",-0.70874917401272,"M3",0,"Peripheral nodes","k__Bacteria","p__Proteobacteria","c__Alphaproteobacteria","o__Sphingomonadales","f__Erythrobacteraceae","g__Croceicoccus","s__",1,0
"OTU_7319",0.215106753202304,"M3",0,"Peripheral nodes","k__Bacteria","p__Planctomycetes","c__Planctomycetacia","o__Planctomycetales","f__Planctomycetaceae","g__","s__",6,42
"OTU_3100",0.0303355677592993,"M3",0,"Peripheral nodes","k__Bacteria","p__Chlorobi","c__Ignavibacteria","o__Ignavibacteriales","f__BSV26","g__","s__",5,291
"OTU_7424",-0.70874917401272,"M3",0.0512465373961218,"Peripheral nodes","k__Bacteria","p__Planctomycetes","c__Planctomycetacia","o__Planctomycetales","f__Planctomycetaceae","g__","s__",1,0
"OTU_1181",-0.70874917401272,"M3",0,"Peripheral nodes","k__Bacteria","p__Proteobacteria","c__Alphaproteobacteria","o__Rhodobacterales","f__Rhodobacteraceae","g__Rhodovulum","s__",1,0
"OTU_4519",-0.70874917401272,"M3",0,"Peripheral nodes","k__Bacteria","p__Planctomycetes","c__Planctomycetacia","o__Planctomycetales","f__Planctomycetaceae","g__Pirellula","s__",1,0
"OTU_7456",0.0303355677592993,"M3",0,"Peripheral nodes","k__Bacteria","p__Acidobacteria","c__Subgroup 26","o__","f__","g__","s__",5,406
"OTU_2203",0.215106753202304,"M3",0,"Peripheral nodes","k__Bacteria","p__Gemmatimonadetes","c__Gemmatimonadetes","o__BD2-11 terrestrial group","f__","g__","s__",6,366
"OTU_1843",0.0303355677592993,"M3",0,"Peripheral nodes","k__Bacteria","p__Proteobacteria","c__Gammaproteobacteria","o__KI89A clade","f__","g__","s__",5,45
"OTU_12367",1.15470053837925,"M12",0.444444444444444,"Peripheral nodes","k__Bacteria","p__Actinobacteria","c__Actinobacteria","o__Micrococcales","f__Microbacteriaceae","g__","s__",2,1
"OTU_158",-0.577350269189626,"M12",0,"Peripheral nodes","k__Bacteria","p__Proteobacteria","c__Gammaproteobacteria","o__Xanthomonadales","f__Xanthomonadaceae","g__Arenimonas","s__",1,0
"OTU_38",-0.577350269189626,"M12",0.5,"Peripheral nodes","k__Bacteria","p__Actinobacteria","c__Actinobacteria","o__Micrococcales","f__Microbacteriaceae","g__Cryobacterium","s__",1,0
"OTU_1646",-0.65923609588673,"M1",0.225694444444444,"Peripheral nodes","k__Bacteria","p__Proteobacteria","c__Gammaproteobacteria","o__Order Incertae Sedis","f__Family Incertae Sedis","g__Marinicella","s__",5,62
"OTU_2835",-1.02933355322665,"M1",0,"Peripheral nodes","k__Bacteria","p__Proteobacteria","c__Deltaproteobacteria","o__Sva0485","f__","g__","s__",1,0
"OTU_341",-0.936809188891669,"M1",0,"Peripheral nodes","k__Bacteria","p__Proteobacteria","c__Betaproteobacteria","o__Burkholderiales","f__Burkholderiaceae","g__Limnobacter","s__",2,0
"OTU_7417",0.266007547463067,"M1",0.24,"Peripheral nodes","k__Bacteria","p__Chloroflexi","c__Anaerolineae","o__Anaerolineales","f__Anaerolineaceae","g__","s__",15,259
"OTU_7502",0.358531911798046,"M1",0,"Peripheral nodes","k__Bacteria","p__Actinobacteria","c__Acidimicrobiia","o__Acidimicrobiales","f__OM1 clade","g__","s__",16,363
"OTU_3356",-0.75176046022171,"M1",0,"Peripheral nodes","k__Bacteria","p__Actinobacteria","c__Thermoleophilia","o__Gaiellales","f__","g__","s__",4,2
"OTU_1176",-1.02933355322665,"M1",0.375,"Peripheral nodes","k__Bacteria","p__Proteobacteria","c__Alphaproteobacteria","o__Rhodobacterales","f__Rhodobacteraceae","g__","s__",1,0
"OTU_8356",-0.84428482455669,"M1",0.5,"Peripheral nodes","k__Bacteria","p__Actinobacteria","c__Thermoleophilia","o__Gaiellales","f__","g__","s__",3,0
"OTU_3130",0.266007547463067,"M1",0,"Peripheral nodes","k__Bacteria","p__Proteobacteria","c__Deltaproteobacteria","o__Sh765B-TzT-29","f__","g__","s__",15,274
"OTU_854",-0.566711731551751,"M1",0.152777777777778,"Peripheral nodes","k__Bacteria","p__Chloroflexi","c__","o__","f__","g__","s__",6,206
"OTU_507",-1.02933355322665,"M1",0,"Peripheral nodes","k__Bacteria","p__Chloroflexi","c__Anaerolineae","o__Anaerolineales","f__Anaerolineaceae","g__","s__",1,0
"OTU_1821",-0.289138638546812,"M1",0.197530864197531,"Peripheral nodes","k__Bacteria","p__Acidobacteria","c__Holophagae","o__Subgroup 7","f__","g__","s__",9,15
"OTU_1824",-0.936809188891669,"M1",0,"Peripheral nodes","k__Bacteria","p__Planctomycetes","c__OM190","o__","f__","g__","s__",2,0
"OTU_571",-0.84428482455669,"M1",0.53125,"Peripheral nodes","k__Bacteria","p__Gemmatimonadetes","c__Gemmatimonadetes","o__BD2-11 terrestrial group","f__","g__","s__",3,334
"OTU_2993",-0.936809188891669,"M1",0,"Peripheral nodes","k__Bacteria","p__Bacteroidetes","c__Bacteroidetes BD2-2","o__","f__","g__","s__",2,12
"OTU_7127",-1.02933355322665,"M1",0,"Peripheral nodes","k__Bacteria","p__Proteobacteria","c__Deltaproteobacteria","o__Sva0485","f__","g__","s__",1,0
"OTU_1207",-0.84428482455669,"M1",0,"Peripheral nodes","k__Bacteria","p__Chloroflexi","c__Anaerolineae","o__Anaerolineales","f__Anaerolineaceae","g__","s__",3,0
"OTU_3189",-0.936809188891669,"M1",0,"Peripheral nodes","k__Bacteria","p__Proteobacteria","c__Deltaproteobacteria","o__Desulfobacterales","f__Nitrospinaceae","g__","s__",2,0
"OTU_1175",-0.84428482455669,"M1",0,"Peripheral nodes","k__Bacteria","p__Proteobacteria","c__Gammaproteobacteria","o__Chromatiales","f__","g__","s__",3,0
"OTU_1162",-0.75176046022171,"M1",0,"Peripheral nodes","k__Bacteria","p__Proteobacteria","c__Alphaproteobacteria","o__Sphingomonadales","f__Sphingomonadaceae","g__Novosphingobium","s__",4,4
"OTU_8066",0.358531911798046,"M1",0,"Peripheral nodes","k__Bacteria","p__Chlorobi","c__Ignavibacteria","o__Ignavibacteriales","f__IheB3-7","g__","s__",16,377
"OTU_3336",-0.289138638546812,"M1",0,"Peripheral nodes","k__Bacteria","p__Actinobacteria","c__Thermoleophilia","o__Gaiellales","f__","g__","s__",9,37
"OTU_8029",1.74639737682274,"M1",0,"Peripheral nodes","k__Bacteria","p__Proteobacteria","c__Alphaproteobacteria","o__Sphingomonadales","f__","g__","s__",31,667
"OTU_7510",-0.75176046022171,"M1",0.328180737217598,"Peripheral nodes","k__Bacteria","p__Proteobacteria","c__Deltaproteobacteria","o__Desulfobacterales","f__Desulfobulbaceae","g__Desulfobulbus","s__",4,9
"OTU_3995",-1.02933355322665,"M1",0,"Peripheral nodes","k__Bacteria","p__Proteobacteria","c__Alphaproteobacteria","o__Sphingomonadales","f__Erythrobacteraceae","g__Croceicoccus","s__",1,0
"OTU_846",-0.0115655455418725,"M1",0,"Peripheral nodes","k__Bacteria","p__Acidobacteria","c__Acidobacteria","o__Subgroup 6","f__","g__","s__",12,69
"OTU_1174",-0.0115655455418725,"M1",0.493827160493827,"Peripheral nodes","k__Bacteria","p__Chloroflexi","c__Anaerolineae","o__Anaerolineales","f__Anaerolineaceae","g__","s__",12,141
"OTU_1167",-0.566711731551751,"M1",0,"Peripheral nodes","k__Bacteria","p__Chloroflexi","c__Anaerolineae","o__Anaerolineales","f__Anaerolineaceae","g__","s__",6,136
"OTU_3220",-0.196614274211832,"M1",0,"Peripheral nodes","k__Bacteria","p__Gemmatimonadetes","c__Gemmatimonadetes","o__PAUC43f marine benthic group","f__","g__","s__",10,980
"OTU_3122",0.173483183128087,"M1",0.0768,"Peripheral nodes","k__Bacteria","p__Chloroflexi","c__Anaerolineae","o__Anaerolineales","f__Anaerolineaceae","g__","s__",14,469
"OTU_3296",-1.02933355322665,"M1",0,"Peripheral nodes","k__Bacteria","p__Proteobacteria","c__Gammaproteobacteria","o__Xanthomonadales","f__JTB255 marine benthic group","g__","s__",1,0
"OTU_7714",-1.02933355322665,"M1",0,"Peripheral nodes","k__Bacteria","p__Proteobacteria","c__Deltaproteobacteria","o__Desulfarculales","f__Desulfarculaceae","g__Desulfatiglans","s__",1,0
"OTU_842",-0.0115655455418725,"M1",0,"Peripheral nodes","k__Bacteria","p__Chloroflexi","c__Anaerolineae","o__Anaerolineales","f__Anaerolineaceae","g__","s__",12,71
"OTU_3143",-0.289138638546812,"M1",0.18,"Peripheral nodes","k__Bacteria","p__Proteobacteria","c__Deltaproteobacteria","o__Desulfobacterales","f__Nitrospinaceae","g__","s__",9,8
"OTU_7629",0.266007547463067,"M1",0,"Peripheral nodes","k__Bacteria","p__Chloroflexi","c__Anaerolineae","o__Anaerolineales","f__Anaerolineaceae","g__","s__",15,261
"OTU_1166",0.913678097807924,"M1",0,"Peripheral nodes","k__Bacteria","p__Proteobacteria","c__Deltaproteobacteria","o__Desulfobacterales","f__Desulfobacteraceae","g__Sva0081 sediment group","s__",22,2818
"OTU_3138",1.4688242838178,"M1",0.231111111111111,"Peripheral nodes","k__Bacteria","p__Proteobacteria","c__Betaproteobacteria","o__Nitrosomonadales","f__Nitrosomonadaceae","g__","s__",28,990
"OTU_8175",-0.289138638546812,"M1",0,"Peripheral nodes","k__Bacteria","p__Proteobacteria","c__Gammaproteobacteria","o__Chromatiales","f__Ectothiorhodospiraceae","g__","s__",9,349
"OTU_3134",2.3940679271676,"M1",0.5,"Peripheral nodes","k__Bacteria","p__Gemmatimonadetes","c__Gemmatimonadetes","o__BD2-11 terrestrial group","f__","g__","s__",38,1685
"OTU_7686",-0.474187367216771,"M1",0,"Peripheral nodes","k__Bacteria","p__Actinobacteria","c__Acidimicrobiia","o__Acidimicrobiales","f__OM1 clade","g__","s__",7,0
"OTU_1833",1.09872682647788,"M1",0,"Peripheral nodes","k__Bacteria","p__Planctomycetes","c__OM190","o__","f__","g__","s__",24,2832
"OTU_1196",0.266007547463067,"M1",0.5,"Peripheral nodes","k__Bacteria","p__Chloroflexi","c__Anaerolineae","o__Anaerolineales","f__Anaerolineaceae","g__","s__",15,863
"OTU_7984",-0.936809188891669,"M1",0,"Peripheral nodes","k__Bacteria","p__Planctomycetes","c__OM190","o__","f__","g__","s__",2,0
"OTU_3194",-0.0115655455418725,"M1",0,"Peripheral nodes","k__Bacteria","p__Chloroflexi","c__Anaerolineae","o__Anaerolineales","f__Anaerolineaceae","g__","s__",12,207
"OTU_7396",-0.936809188891669,"M1",0,"Peripheral nodes","k__Bacteria","p__Proteobacteria","c__Gammaproteobacteria","o__KI89A clade","f__","g__","s__",2,0
"OTU_7389",-0.381663002881791,"M1",0,"Peripheral nodes","k__Bacteria","p__Deinococcus-Thermus","c__Deinococci","o__Deinococcales","f__Trueperaceae","g__Truepera","s__",8,14
"OTU_1830",-0.381663002881791,"M1",0,"Peripheral nodes","k__Bacteria","p__Acidobacteria","c__Holophagae","o__Subgroup 23","f__","g__","s__",8,78
"OTU_3268",0.451056276133026,"M1",0,"Peripheral nodes","k__Bacteria","p__Bacteroidetes","c__Cytophagia","o__Cytophagales","f__Flammeovirgaceae","g__","s__",17,201
"OTU_7548",-0.936809188891669,"M1",0,"Peripheral nodes","k__Bacteria","p__Proteobacteria","c__Deltaproteobacteria","o__Desulfobacterales","f__Nitrospinaceae","g__","s__",2,78
"OTU_3098",-0.381663002881791,"M1",0,"Peripheral nodes","k__Bacteria","p__Bacteroidetes","c__Sphingobacteriia","o__Sphingobacteriales","f__Saprospiraceae","g__","s__",8,0
"OTU_3132",1.56134864815278,"M1",0,"Peripheral nodes","k__Bacteria","p__Acidobacteria","c__Acidobacteria","o__Subgroup 21","f__","g__","s__",29,852
"OTU_3105",-0.289138638546812,"M1",0.48,"Peripheral nodes","k__Bacteria","p__Chloroflexi","c__Anaerolineae","o__Anaerolineales","f__Anaerolineaceae","g__","s__",9,162
"OTU_8057",-1.02933355322665,"M1",0.46875,"Peripheral nodes","k__Bacteria","p__Proteobacteria","c__Gammaproteobacteria","o__Xanthomonadales","f__JTB255 marine benthic group","g__","s__",1,0
"OTU_530",-0.289138638546812,"M1",0,"Peripheral nodes","k__Bacteria","p__Proteobacteria","c__Gammaproteobacteria","o__Xanthomonadales","f__JTB255 marine benthic group","g__","s__",9,1723
"OTU_7899",-1.02933355322665,"M1",0,"Peripheral nodes","k__Bacteria","p__Proteobacteria","c__Deltaproteobacteria","o__Desulfobacterales","f__Desulfobulbaceae","g__Desulfobulbus","s__",1,0
"OTU_1839",-0.936809188891669,"M1",0,"Peripheral nodes","k__Bacteria","p__Chloroflexi","c__Anaerolineae","o__Anaerolineales","f__Anaerolineaceae","g__","s__",2,5
"OTU_1850",2.57911665583756,"M1",0,"Module hubs","k__Bacteria","p__Proteobacteria","c__Betaproteobacteria","o__Methylophilales","f__Methylophilaceae","g__Methylotenera","s__",40,1371
"OTU_3295",-1.02933355322665,"M1",0.197530864197531,"Peripheral nodes","k__Bacteria","p__Bacteroidetes","c__Cytophagia","o__Order II","f__Rhodothermaceae","g__","s__",1,0
"OTU_7615",-1.02933355322665,"M1",0,"Peripheral nodes","k__Bacteria","p__Proteobacteria","c__Alphaproteobacteria","o__Rhizobiales","f__Rhizobiaceae","g__Ensifer","s__",1,0
"OTU_1168",-1.02933355322665,"M1",0.124444444444444,"Peripheral nodes","k__Bacteria","p__Proteobacteria","c__Gammaproteobacteria","o__Cellvibrionales","f__Halieaceae","g__","s__",1,0
"OTU_8122",-0.936809188891669,"M1",0.290123456790123,"Peripheral nodes","k__Bacteria","p__Actinobacteria","c__Acidimicrobiia","o__Acidimicrobiales","f__OM1 clade","g__","s__",2,20
"OTU_851",-0.289138638546812,"M1",0.0798611111111112,"Peripheral nodes","k__Bacteria","p__Proteobacteria","c__Gammaproteobacteria","o__Chromatiales","f__Ectothiorhodospiraceae","g__","s__",9,231
"OTU_7418",0.266007547463067,"M1",0.104938271604938,"Peripheral nodes","k__Bacteria","p__Bacteroidetes","c__Bacteroidetes BD2-2","o__","f__","g__","s__",15,265
"OTU_3127",0.543580640468006,"M1",0,"Peripheral nodes","k__Bacteria","p__Acidobacteria","c__Holophagae","o__Subgroup 10","f__Sva0725","g__","s__",18,2069
"OTU_3150",1.09872682647788,"M1",0,"Peripheral nodes","k__Bacteria","p__Aminicenantes","c__","o__","f__","g__","s__",24,527
"OTU_8083",0.543580640468006,"M1",0,"Peripheral nodes","k__Bacteria","p__Actinobacteria","c__Acidimicrobiia","o__Acidimicrobiales","f__OM1 clade","g__","s__",18,745
"OTU_7609",-1.02933355322665,"M1",0.04875,"Peripheral nodes","k__Bacteria","p__Proteobacteria","c__Alphaproteobacteria","o__Rhodobacterales","f__Rhodobacteraceae","g__","s__",1,0
"OTU_519",-1.02933355322665,"M1",0,"Peripheral nodes","k__Bacteria","p__Proteobacteria","c__Deltaproteobacteria","o__Desulfobacterales","f__Desulfobulbaceae","g__Desulfobulbus","s__",1,0
"OTU_3151",-0.289138638546812,"M1",0.345679012345679,"Peripheral nodes","k__Bacteria","p__Bacteroidetes","c__Sphingobacteriia","o__Sphingobacteriales","f__Saprospiraceae","g__","s__",9,355
"OTU_3289",-1.02933355322665,"M1",0,"Peripheral nodes","k__Bacteria","p__Actinobacteria","c__Acidimicrobiia","o__Acidimicrobiales","f__Sva0996 marine group","g__","s__",1,0
"OTU_3199",0.451056276133026,"M1",0.214532871972318,"Peripheral nodes","k__Bacteria","p__Bacteroidetes","c__Cytophagia","o__Order II","f__Rhodothermaceae","g__","s__",17,1120
"OTU_464",0.266007547463067,"M1",0.5,"Peripheral nodes","k__Bacteria","p__Proteobacteria","c__Deltaproteobacteria","o__Syntrophobacterales","f__Syntrophobacteraceae","g__","s__",15,4012
"OTU_7975",1.83892174115772,"M1",0.391111111111111,"Peripheral nodes","k__Bacteria","p__Bacteroidetes","c__Bacteroidetes BD2-2","o__","f__","g__","s__",32,790
"OTU_12327",0.173483183128087,"M1",0,"Peripheral nodes","k__Bacteria","p__Proteobacteria","c__Gammaproteobacteria","o__Xanthomonadales","f__JTB255 marine benthic group","g__","s__",14,597
"OTU_3163",-0.75176046022171,"M1",0.336734693877551,"Peripheral nodes","k__Bacteria","p__Planctomycetes","c__Planctomycetacia","o__Planctomycetales","f__Planctomycetaceae","g__Pirellula","s__",4,19
"OTU_1179",-1.02933355322665,"M1",0,"Peripheral nodes","k__Bacteria","p__Chloroflexi","c__Anaerolineae","o__Anaerolineales","f__Anaerolineaceae","g__","s__",1,0
"OTU_3159",2.02397046982768,"M1",0,"Peripheral nodes","k__Bacteria","p__Actinobacteria","c__OPB41","o__","f__","g__","s__",34,1060
"OTU_7630",2.11649483416266,"M1",0,"Peripheral nodes","k__Bacteria","p__Planctomycetes","c__Planctomycetacia","o__Planctomycetales","f__Planctomycetaceae","g__","s__",35,1580
"OTU_3097",0.358531911798046,"M1",0.160899653979239,"Peripheral nodes","k__Bacteria","p__Proteobacteria","c__Deltaproteobacteria","o__Desulfobacterales","f__Desulfobacteraceae","g__Sva0081 sediment group","s__",16,120
"OTU_7751",-0.75176046022171,"M1",0,"Peripheral nodes","k__Bacteria","p__Planctomycetes","c__Planctomycetacia","o__Planctomycetales","f__Planctomycetaceae","g__","s__",4,139
"OTU_1840",0.728629369137965,"M1",0.32,"Peripheral nodes","k__Bacteria","p__Acidobacteria","c__Acidobacteria","o__Subgroup 17","f__","g__","s__",20,371
"OTU_1853",-0.474187367216771,"M1",0,"Peripheral nodes","k__Bacteria","p__Verrucomicrobia","c__OPB35 soil group","o__","f__","g__","s__",7,145
"OTU_3099",2.94921411317748,"M1",0.375,"Module hubs","k__Bacteria","p__Verrucomicrobia","c__Verrucomicrobiae","o__Verrucomicrobiales","f__Verrucomicrobiaceae","g__Haloferula","s__",44,1949
"OTU_3166",1.56134864815278,"M1",0.493079584775087,"Peripheral nodes","k__Bacteria","p__Chloroflexi","c__Ardenticatenia","o__","f__","g__","s__",29,1219
"OTU_7360",-0.566711731551751,"M1",0.265,"Peripheral nodes","k__Bacteria","p__Proteobacteria","c__Gammaproteobacteria","o__Xanthomonadales","f__JTB255 marine benthic group","g__","s__",6,4
"OTU_649",1.0062024621429,"M1",0,"Peripheral nodes","k__Archaea","p__Miscellaneous Crenarchaeotic Group","c__","o__","f__","g__","s__",23,1561
"OTU_658",-0.936809188891669,"M1",0.0878099173553719,"Peripheral nodes","k__Bacteria","p__Lentisphaerae","c__R76-B128","o__","f__","g__","s__",2,2
"OTU_863",2.57911665583756,"M1",0.0665873959571938,"Module hubs","k__Bacteria","p__Proteobacteria","c__Deltaproteobacteria","o__Desulfobacterales","f__Desulfobacteraceae","g__","s__",40,3905
"OTU_353",0.0809588187931072,"M1",0,"Peripheral nodes","k__Bacteria","p__Chloroflexi","c__Anaerolineae","o__Anaerolineales","f__Anaerolineaceae","g__","s__",13,1196
"OTU_427",0.913678097807924,"M1",0.5,"Peripheral nodes","k__Bacteria","p__Proteobacteria","c__Deltaproteobacteria","o__Myxococcales","f__Sandaracinaceae","g__","s__",22,1630
"OTU_7346",1.09872682647788,"M1",0.234404536862004,"Peripheral nodes","k__Bacteria","p__Proteobacteria","c__Deltaproteobacteria","o__Sh765B-TzT-29","f__","g__","s__",24,1041
"OTU_651",-0.381663002881791,"M1",0,"Peripheral nodes","k__Bacteria","p__Proteobacteria","c__Deltaproteobacteria","o__Syntrophobacterales","f__Syntrophobacteraceae","g__","s__",8,39
"OTU_3266",0.0809588187931072,"M1",0.59375,"Peripheral nodes","k__Bacteria","p__Latescibacteria","c__","o__","f__","g__","s__",13,195
"OTU_7400",-0.936809188891669,"M1",0.42,"Peripheral nodes","k__Bacteria","p__Aminicenantes","c__","o__","f__","g__","s__",2,3
"OTU_1884",-0.289138638546812,"M1",0.0962499999999999,"Peripheral nodes","k__Bacteria","p__Planctomycetes","c__Planctomycetacia","o__Planctomycetales","f__Planctomycetaceae","g__Planctomyces","s__",9,129
"OTU_1815",0.0809588187931072,"M1",0,"Peripheral nodes","k__Bacteria","p__Bacteroidetes","c__Flavobacteriia","o__Flavobacteriales","f__Flavobacteriaceae","g__Lutimonas","s__",13,313
"OTU_1171",-0.0115655455418725,"M1",0.378698224852071,"Peripheral nodes","k__Bacteria","p__Proteobacteria","c__Gammaproteobacteria","o__Xanthomonadales","f__JTB255 marine benthic group","g__","s__",12,33
"OTU_1845",-1.02933355322665,"M1",0.417355371900826,"Peripheral nodes","k__Bacteria","p__Actinobacteria","c__Actinobacteria","o__Micrococcales","f__Demequinaceae","g__Lysinimicrobium","s__",1,0
"OTU_1172",0.728629369137965,"M1",0.21875,"Peripheral nodes","k__Bacteria","p__Proteobacteria","c__Gammaproteobacteria","o__Xanthomonadales","f__","g__","s__",20,474
"OTU_7474",0.728629369137965,"M1",0,"Peripheral nodes","k__Bacteria","p__Chloroflexi","c__Anaerolineae","o__Anaerolineales","f__Anaerolineaceae","g__Pelolinea","s__",20,1129
"OTU_7636",1.0062024621429,"M1",0.444444444444444,"Peripheral nodes","k__Bacteria","p__Chloroflexi","c__Anaerolineae","o__Anaerolineales","f__Anaerolineaceae","g__","s__",23,617
"OTU_7470",-0.84428482455669,"M1",0,"Peripheral nodes","k__Bacteria","p__Proteobacteria","c__Deltaproteobacteria","o__Desulfobacterales","f__Desulfobulbaceae","g__Desulfopila","s__",3,0
"OTU_1838",0.173483183128087,"M1",0.142011834319527,"Peripheral nodes","k__Bacteria","p__Proteobacteria","c__Deltaproteobacteria","o__Sva0485","f__","g__","s__",14,690
"OTU_1718",-0.84428482455669,"M1",0,"Peripheral nodes","k__Bacteria","p__Proteobacteria","c__Gammaproteobacteria","o__Chromatiales","f__Ectothiorhodospiraceae","g__","s__",3,6
"OTU_1857",-0.566711731551751,"M1",0,"Peripheral nodes","k__Bacteria","p__Proteobacteria","c__Gammaproteobacteria","o__Xanthomonadales","f__JTB255 marine benthic group","g__","s__",6,366
"OTU_8026",3.13426284184744,"M1",0.260355029585799,"Module hubs","k__Bacteria","p__Proteobacteria","c__Deltaproteobacteria","o__Desulfobacterales","f__Desulfobulbaceae","g__","s__",46,2186
"OTU_8203",0.451056276133026,"M1",0,"Peripheral nodes","k__Bacteria","p__Bacteroidetes","c__Flavobacteriia","o__Flavobacteriales","f__Flavobacteriaceae","g__Actibacter","s__",17,598
"OTU_8082",-0.566711731551751,"M1",0,"Peripheral nodes","k__Bacteria","p__Proteobacteria","c__Gammaproteobacteria","o__Xanthomonadales","f__JTB255 marine benthic group","g__","s__",6,37
"OTU_7467",0.0809588187931072,"M1",0,"Peripheral nodes","k__Bacteria","p__Gemmatimonadetes","c__Gemmatimonadetes","o__PAUC43f marine benthic group","f__","g__","s__",13,300
"OTU_1216",-0.104089909876852,"M1",0.5,"Peripheral nodes","k__Bacteria","p__Proteobacteria","c__Deltaproteobacteria","o__Syntrophobacterales","f__Syntrophobacteraceae","g__","s__",11,506
"OTU_3117",1.37629991948282,"M1",0,"Peripheral nodes","k__Bacteria","p__Gemmatimonadetes","c__Gemmatimonadetes","o__BD2-11 terrestrial group","f__","g__","s__",27,2181
"OTU_1178",-0.289138638546812,"M1",0.48,"Peripheral nodes","k__Bacteria","p__Latescibacteria","c__","o__","f__","g__","s__",9,45
"OTU_7098",1.28377555514784,"M1",0.18,"Peripheral nodes","k__Bacteria","p__Proteobacteria","c__Alphaproteobacteria","o__Rhodospirillales","f__Rhodospirillaceae","g__","s__",26,283
"OTU_7595",-1.02933355322665,"M1",0.0831758034026465,"Peripheral nodes","k__Bacteria","p__Deferribacteres","c__Deferribacteres Incertae Sedis","o__","f__","g__Caldithrix","s__",1,0
"OTU_1810",-0.104089909876852,"M1",0,"Peripheral nodes","k__Bacteria","p__SHA-109","c__","o__","f__","g__","s__",11,399
"OTU_3263",-0.474187367216771,"M1",0.13265306122449,"Peripheral nodes","k__Bacteria","p__Chloroflexi","c__Anaerolineae","o__Anaerolineales","f__Anaerolineaceae","g__","s__",7,121
"OTU_7355",-0.104089909876852,"M1",0,"Peripheral nodes","k__Bacteria","p__Bacteroidetes","c__Flavobacteriia","o__Flavobacteriales","f__Flavobacteriaceae","g__Robiginitalea","s__",11,76
"OTU_3204",-0.84428482455669,"M1",0,"Peripheral nodes","k__Bacteria","p__Lentisphaerae","c__R76-B128","o__","f__","g__","s__",3,1
"OTU_3283",0.173483183128087,"M1",0.0831758034026465,"Peripheral nodes","k__Bacteria","p__Chloroflexi","c__Anaerolineae","o__Anaerolineales","f__Anaerolineaceae","g__","s__",14,384
"OTU_850",-0.566711731551751,"M1",0,"Peripheral nodes","k__Bacteria","p__Bacteroidetes","c__Cytophagia","o__Cytophagales","f__Cytophagaceae","g__Mangrovibacterium","s__",6,52
"OTU_7333",-0.474187367216771,"M1",0.444444444444444,"Peripheral nodes","k__Bacteria","p__Proteobacteria","c__Gammaproteobacteria","o__Chromatiales","f__Ectothiorhodospiraceae","g__","s__",7,13
"OTU_8150",-0.566711731551751,"M1",0.110726643598616,"Peripheral nodes","k__Bacteria","p__Proteobacteria","c__Gammaproteobacteria","o__Cellvibrionales","f__Halieaceae","g__","s__",6,134
"OTU_3272",-0.936809188891669,"M1",0.277777777777778,"Peripheral nodes","k__Bacteria","p__Gemmatimonadetes","c__Gemmatimonadetes","o__PAUC43f marine benthic group","f__","g__","s__",2,11
"OTU_7632",-0.289138638546812,"M1",0.142011834319527,"Peripheral nodes","k__Bacteria","p__Chloroflexi","c__Anaerolineae","o__Anaerolineales","f__Anaerolineaceae","g__","s__",9,668
"OTU_7364",-0.84428482455669,"M1",0,"Peripheral nodes","k__Bacteria","p__Actinobacteria","c__Acidimicrobiia","o__Acidimicrobiales","f__OM1 clade","g__","s__",3,3
"OTU_3129",-0.0115655455418725,"M1",0,"Peripheral nodes","k__Bacteria","p__Acidobacteria","c__Holophagae","o__Subgroup 10","f__Sva0725","g__","s__",12,207
"OTU_3154",0.728629369137965,"M1",0,"Peripheral nodes","k__Bacteria","p__Chloroflexi","c__Anaerolineae","o__Anaerolineales","f__Anaerolineaceae","g__","s__",20,837
"OTU_1900",0.358531911798046,"M1",0.5,"Peripheral nodes","k__Bacteria","p__Acidobacteria","c__Acidobacteria","o__Subgroup 21","f__","g__","s__",16,1615
"OTU_3188",-0.936809188891669,"M1",0.203017832647462,"Peripheral nodes","k__Bacteria","p__Verrucomicrobia","c__Spartobacteria","o__Chthoniobacterales","f__LD29","g__","s__",2,0
"OTU_7723",-0.381663002881791,"M1",0,"Peripheral nodes","k__Bacteria","p__Proteobacteria","c__Gammaproteobacteria","o__Xanthomonadales","f__Xanthomonadales Incertae Sedis","g__","s__",8,11
"OTU_3352",0.0809588187931072,"M1",0,"Peripheral nodes","k__Bacteria","p__Bacteroidetes","c__Sphingobacteriia","o__Sphingobacteriales","f__WCHB1-69","g__","s__",13,229
"OTU_3112",-0.474187367216771,"M1",0,"Peripheral nodes","k__Bacteria","p__Gemmatimonadetes","c__Gemmatimonadetes","o__PAUC43f marine benthic group","f__","g__","s__",7,19
"OTU_7344",-0.381663002881791,"M1",0.462809917355372,"Peripheral nodes","k__Bacteria","p__Proteobacteria","c__Deltaproteobacteria","o__Syntrophobacterales","f__Syntrophaceae","g__Desulfobacca","s__",8,30
"OTU_7670",-0.936809188891669,"M1",0,"Peripheral nodes","k__Bacteria","p__Latescibacteria","c__","o__","f__","g__","s__",2,2
"OTU_1826",0.821153733472945,"M1",0,"Peripheral nodes","k__Bacteria","p__Chloroflexi","c__Anaerolineae","o__Anaerolineales","f__Anaerolineaceae","g__","s__",21,3965
"OTU_7606",-0.381663002881791,"M1",0,"Peripheral nodes","k__Bacteria","p__Acidobacteria","c__Acidobacteria","o__Subgroup 6","f__","g__","s__",8,67
"OTU_429",-0.381663002881791,"M1",0,"Peripheral nodes","k__Bacteria","p__Chloroflexi","c__Anaerolineae","o__Anaerolineales","f__Anaerolineaceae","g__","s__",8,120
"OTU_3118",0.728629369137965,"M1",0,"Peripheral nodes","k__Bacteria","p__Proteobacteria","c__Deltaproteobacteria","o__Myxococcales","f__Sandaracinaceae","g__","s__",20,1625
"OTU_1820",-0.104089909876852,"M1",0,"Peripheral nodes","k__Bacteria","p__Chloroflexi","c__Anaerolineae","o__Anaerolineales","f__Anaerolineaceae","g__","s__",11,421
"OTU_7594",0.358531911798046,"M1",0.277777777777778,"Peripheral nodes","k__Bacteria","p__Chloroflexi","c__Anaerolineae","o__Anaerolineales","f__Anaerolineaceae","g__","s__",16,1137
"OTU_1890",-0.84428482455669,"M1",0.48,"Peripheral nodes","k__Bacteria","p__Proteobacteria","c__Gammaproteobacteria","o__Cellvibrionales","f__Halieaceae","g__Haliea","s__",3,6
"OTU_7395",1.65387301248776,"M1",0,"Peripheral nodes","k__Bacteria","p__Chloroflexi","c__Anaerolineae","o__Anaerolineales","f__Anaerolineaceae","g__","s__",30,462
"OTU_7330",2.76416538450752,"M1",0.277777777777778,"Module hubs","k__Bacteria","p__Proteobacteria","c__Gammaproteobacteria","o__Xanthomonadales","f__JTB255 marine benthic group","g__","s__",42,2568
"OTU_1902",0.451056276133026,"M1",0,"Peripheral nodes","k__Bacteria","p__Proteobacteria","c__Alphaproteobacteria","o__Rhodospirillales","f__Rhodospirillaceae","g__Pelagibius","s__",17,267
"OTU_8226",0.636105004802985,"M1",0.32,"Peripheral nodes","k__Bacteria","p__Chloroflexi","c__Anaerolineae","o__Anaerolineales","f__Anaerolineaceae","g__","s__",19,429
"OTU_7654",0.913678097807924,"M1",0,"Peripheral nodes","k__Bacteria","p__Proteobacteria","c__Gammaproteobacteria","o__Xanthomonadales","f__JTB255 marine benthic group","g__","s__",22,1317
"OTU_3197",2.67164102017254,"M1",0.444444444444444,"Module hubs","k__Bacteria","p__Bacteroidetes","c__Cytophagia","o__Cytophagales","f__Cytophagaceae","g__Mangrovibacterium","s__",41,1028
"OTU_653",0.358531911798046,"M1",0,"Peripheral nodes","k__Bacteria","p__Proteobacteria","c__Deltaproteobacteria","o__Desulfobacterales","f__Nitrospinaceae","g__","s__",16,117
"OTU_1163",2.67164102017254,"M1",0.152777777777778,"Module hubs","k__Bacteria","p__Proteobacteria","c__Epsilonproteobacteria","o__Campylobacterales","f__Helicobacteraceae","g__Sulfurovum","s__",41,1272
"OTU_1189",-0.474187367216771,"M1",0,"Peripheral nodes","k__Bacteria","p__Proteobacteria","c__Gammaproteobacteria","o__E01-9C-26 marine group","f__","g__","s__",7,475
"OTU_8130",-0.84428482455669,"M1",0.095,"Peripheral nodes","k__Bacteria","p__Proteobacteria","c__Proteobacteria Incertae Sedis","o__","f__","g__Candidatus Thiobios","s__",3,0
"OTU_3344",-1.02933355322665,"M1",0.32,"Peripheral nodes","k__Bacteria","p__Proteobacteria","c__Deltaproteobacteria","o__Desulfobacterales","f__Desulfobacteraceae","g__","s__",1,0
"OTU_16",1.11803398874989,"M7",0,"Peripheral nodes","k__Bacteria","p__Chloroflexi","c__KD4-96","o__","f__","g__","s__",3,7
"OTU_25",1.11803398874989,"M7",0.2265625,"Peripheral nodes","k__Bacteria","p__Chloroflexi","c__KD4-96","o__","f__","g__","s__",3,6
"OTU_102",0,"M7",0,"Peripheral nodes","k__Bacteria","p__Proteobacteria","c__Betaproteobacteria","o__Nitrosomonadales","f__Nitrosomonadaceae","g__","s__",2,0
"OTU_79",-1.11803398874989,"M7",0,"Peripheral nodes","k__Bacteria","p__Chloroflexi","c__KD4-96","o__","f__","g__","s__",1,0
"OTU_2190",0,"M7",0,"Peripheral nodes","k__Bacteria","p__Chloroflexi","c__KD4-96","o__","f__","g__","s__",2,0
"OTU_196",-1.11803398874989,"M7",0,"Peripheral nodes","k__Bacteria","p__Proteobacteria","c__Betaproteobacteria","o__TRA3-20","f__","g__","s__",1,0
"OTU_254",-0.577350269189626,"M10",0,"Peripheral nodes","k__Bacteria","p__Acidobacteria","c__Acidobacteria","o__Subgroup 6","f__","g__","s__",1,0
"OTU_149",1.15470053837925,"M10",0,"Peripheral nodes","k__Bacteria","p__Acidobacteria","c__Acidobacteria","o__Subgroup 6","f__","g__","s__",2,1
"OTU_817",-0.577350269189626,"M10",0,"Peripheral nodes","k__Bacteria","p__Acidobacteria","c__Acidobacteria","o__Subgroup 6","f__","g__","s__",1,0
"OTU_673",-0.577350269189626,"M9",0,"Peripheral nodes","k__Bacteria","p__Gemmatimonadetes","c__Gemmatimonadetes","o__Gemmatimonadales","f__Gemmatimonadaceae","g__","s__",1,0
"OTU_82",1.73205080756888,"M9",0,"Peripheral nodes","k__Bacteria","p__Proteobacteria","c__Alphaproteobacteria","o__Sphingomonadales","f__Sphingomonadaceae","g__Sphingomonas","s__",5,999
"OTU_80",0,"M9",0,"Peripheral nodes","k__Bacteria","p__Proteobacteria","c__Alphaproteobacteria","o__Sphingomonadales","f__Sphingomonadaceae","g__Sphingomonas","s__",2,0
"OTU_1971",-0.577350269189626,"M9",0.244897959183674,"Peripheral nodes","k__Bacteria","p__Actinobacteria","c__Acidimicrobiia","o__Acidimicrobiales","f__Acidimicrobiaceae","g__Illumatobacter","s__",1,0
"OTU_3659",-0.577350269189626,"M9",0,"Peripheral nodes","k__Bacteria","p__Actinobacteria","c__Actinobacteria","o__Frankiales","f__","g__","s__",1,0
"OTU_5894",-0.577350269189626,"M11",0,"Peripheral nodes","k__Bacteria","p__Bacteroidetes","c__Sphingobacteriia","o__Sphingobacteriales","f__WCHB1-69","g__","s__",1,0
"OTU_3698",-0.577350269189626,"M11",0,"Peripheral nodes","k__Bacteria","p__Actinobacteria","c__OPB41","o__","f__","g__","s__",1,0
"OTU_8849",1.15470053837925,"M11",0,"Peripheral nodes","k__Bacteria","p__Bacteroidetes","c__Sphingobacteriia","o__Sphingobacteriales","f__WCHB1-69","g__","s__",2,1
"OTU_1702",-0.707106781186547,"M23",0.308390022675737,"Peripheral nodes","k__Bacteria","p__Bacteroidetes","c__Sphingobacteriia","o__Sphingobacteriales","f__Chitinophagaceae","g__Parasegetibacter","s__",1,0
"OTU_9207",0.707106781186547,"M23",0.0768,"Peripheral nodes","k__Bacteria","p__Bacteroidetes","c__Sphingobacteriia","o__Sphingobacteriales","f__Chitinophagaceae","g__Ferruginibacter","s__",2,334
"OTU_924",0.577350269189626,"M13",0,"Peripheral nodes","k__Bacteria","p__Actinobacteria","c__Acidimicrobiia","o__Acidimicrobiales","f__Acidimicrobiaceae","g__CL500-29 marine group","s__",2,334
"OTU_2048",-1.15470053837925,"M13",0.5,"Peripheral nodes","k__Bacteria","p__Actinobacteria","c__Acidimicrobiia","o__Acidimicrobiales","f__Acidimicrobiaceae","g__CL500-29 marine group","s__",1,0
"OTU_801",0.577350269189626,"M13",0.0399833402748855,"Peripheral nodes","k__Bacteria","p__Acidobacteria","c__Acidobacteria","o__Subgroup 6","f__","g__","s__",2,666
"OTU_1822",1.38630250137659,"M5",0.314049586776859,"Peripheral nodes","k__Bacteria","p__Proteobacteria","c__Deltaproteobacteria","o__Myxococcales","f__Haliangiaceae","g__Haliangium","s__",7,382
"OTU_1544",1.02982471530833,"M5",0,"Peripheral nodes","k__Bacteria","p__Actinobacteria","c__Acidimicrobiia","o__Acidimicrobiales","f__OM1 clade","g__","s__",6,449
"OTU_3264",-0.752564215033007,"M5",0,"Peripheral nodes","k__Bacteria","p__Nitrospirae","c__Nitrospira","o__Nitrospirales","f__Nitrospiraceae","g__","s__",1,0
"OTU_4108",-0.752564215033007,"M5",0.666666666666667,"Connectors","k__Bacteria","p__Proteobacteria","c__Deltaproteobacteria","o__Desulfobacterales","f__Desulfobulbaceae","g__Desulfobulbus","s__",1,0
"OTU_3276",1.38630250137659,"M5",0.1171875,"Peripheral nodes","k__Bacteria","p__Nitrospirae","c__Nitrospira","o__Nitrospirales","f__Nitrospiraceae","g__","s__",7,739
"OTU_1842",-0.396086428964741,"M5",0.517777777777778,"Peripheral nodes","k__Bacteria","p__Proteobacteria","c__Alphaproteobacteria","o__Rhodobacterales","f__Rhodobacteraceae","g__","s__",2,6
"OTU_3319",-0.752564215033007,"M5",0,"Peripheral nodes","k__Bacteria","p__Gemmatimonadetes","c__Gemmatimonadetes","o__BD2-11 terrestrial group","f__","g__","s__",1,0
"OTU_3274",-0.396086428964741,"M5",0,"Peripheral nodes","k__Bacteria","p__Proteobacteria","c__Deltaproteobacteria","o__Desulfobacterales","f__Desulfobulbaceae","g__Desulfobulbus","s__",2,0
"OTU_8001",-0.752564215033007,"M5",0,"Peripheral nodes","k__Bacteria","p__Proteobacteria","c__Gammaproteobacteria","o__Sva0071","f__","g__","s__",1,0
"OTU_6427",-0.396086428964741,"M5",0.046485260770975,"Peripheral nodes","k__Bacteria","p__Gemmatimonadetes","c__Gemmatimonadetes","o__PAUC43f marine benthic group","f__","g__","s__",2,334
"OTU_3265",-0.396086428964741,"M5",0,"Peripheral nodes","k__Bacteria","p__Nitrospirae","c__Nitrospira","o__Nitrospirales","f__Nitrospiraceae","g__","s__",2,0
"OTU_1889",-0.752564215033007,"M5",0,"Peripheral nodes","k__Bacteria","p__Proteobacteria","c__Gammaproteobacteria","o__E01-9C-26 marine group","f__","g__","s__",1,0
"OTU_7988",2.45573585958139,"M5",0,"Peripheral nodes","k__Bacteria","p__Actinobacteria","c__Acidimicrobiia","o__Acidimicrobiales","f__OM1 clade","g__","s__",10,1365
"OTU_7378",-0.752564215033007,"M5",0,"Peripheral nodes","k__Bacteria","p__Acidobacteria","c__Holophagae","o__Subgroup 10","f__Sva0725","g__","s__",1,0
"OTU_3262",0.673346929240059,"M5",0,"Peripheral nodes","k__Bacteria","p__Acidobacteria","c__Holophagae","o__Subgroup 10","f__Sva0725","g__","s__",5,739
"OTU_1199",-0.752564215033007,"M5",0,"Peripheral nodes","k__Bacteria","p__Actinobacteria","c__Acidimicrobiia","o__Acidimicrobiales","f__OM1 clade","g__","s__",1,0
"OTU_3311",-0.752564215033007,"M5",0.0867768595041323,"Peripheral nodes","k__Bacteria","p__Proteobacteria","c__Alphaproteobacteria","o__Rhodospirillales","f__Rhodospirillaceae","g__","s__",1,0
"OTU_8019",0.673346929240059,"M5",0,"Peripheral nodes","k__Bacteria","p__Bacteroidetes","c__Sphingobacteriia","o__Sphingobacteriales","f__Saprospiraceae","g__","s__",5,1085
"OTU_177",0.707106781186547,"M16",0,"Peripheral nodes","k__Bacteria","p__Chloroflexi","c__Anaerolineae","o__Anaerolineales","f__Anaerolineaceae","g__Anaerolinea","s__",2,334
"OTU_1287",-0.707106781186547,"M16",0.5,"Peripheral nodes","k__Bacteria","p__Chloroflexi","c__","o__","f__","g__","s__",1,0
"OTU_8222",-0.707106781186547,"M18",0,"Peripheral nodes","k__Bacteria","p__Proteobacteria","c__Epsilonproteobacteria","o__Campylobacterales","f__Helicobacteraceae","g__Sulfurovum","s__",1,0
"OTU_3329",0.707106781186547,"M18",0,"Peripheral nodes","k__Bacteria","p__Proteobacteria","c__Deltaproteobacteria","o__Desulfobacterales","f__Desulfobulbaceae","g__SEEP-SRB4","s__",2,334
"OTU_7370",0.707106781186547,"M19",0.48,"Peripheral nodes","k__Bacteria","p__Acidobacteria","c__Holophagae","o__Subgroup 10","f__Sva0725","g__","s__",3,112
"OTU_3137",-0.707106781186547,"M19",0.5,"Peripheral nodes","k__Bacteria","p__Bacteroidetes","c__Sphingobacteriia","o__Sphingobacteriales","f__Saprospiraceae","g__","s__",2,0
